slide_id,patient_barcode,source_part,cluster,pca1,pca2
TCGA-05-4244-01Z-00-DX1.d4ff32cd-38cf-40ea-8213-45c2b100ac01,TCGA-05-4244,step3-luad-part00-20260504,1,-10.693805,-13.404156
TCGA-05-4245-01Z-00-DX1.36ff5403-d4bb-4415-b2c5-7c750d655cde,TCGA-05-4245,step3-luad-part00-20260504,1,-15.22351,-11.689512
TCGA-05-4250-01Z-00-DX1.90f67fdf-dff9-46ca-af71-0978d7c221ba,TCGA-05-4250,step3-luad-part00-20260504,1,-19.42714,-13.732771
TCGA-05-4384-01Z-00-DX1.CA68BF29-BBE3-4C8E-B48B-554431A9EE13,TCGA-05-4384,step3-luad-part00-20260504,1,-17.871868,-15.880245
TCGA-05-4396-01Z-00-DX1.49DD5F68-7473-4945-B384-EA6D5AE383CB,TCGA-05-4396,step3-luad-part00-20260504,1,-22.90196,-13.116131
TCGA-05-4397-01Z-00-DX1.00e9cdb3-b50e-439c-86b0-d7b73b802c0d,TCGA-05-4397,step3-luad-part00-20260504,1,-24.591183,-12.142195
TCGA-05-4398-01Z-00-DX1.269bc75f-492e-48b1-87ee-85924aa80e74,TCGA-05-4398,step3-luad-part00-20260504,1,-9.003506,-14.75561
TCGA-05-4403-01Z-00-DX1.fee8e988-956c-42a2-a6c5-06b6d6736295,TCGA-05-4403,step3-luad-part00-20260504,1,-8.286189,-14.971858
TCGA-05-4405-01Z-00-DX1.D57EC2B2-3A59-4954-86A7-61782938BCC5,TCGA-05-4405,step3-luad-part00-20260504,1,-14.664001,-16.583412
TCGA-05-4415-01Z-00-DX1.55E0C429-B308-4962-8DA9-41D7D3F7764E,TCGA-05-4415,step3-luad-part00-20260504,1,-20.94483,-12.8426285
TCGA-05-4417-01Z-00-DX1.6E534856-996F-4BD9-8AFC-7B1BF627E505,TCGA-05-4417,step3-luad-part00-20260504,1,-20.44958,-11.944425
TCGA-05-4418-01Z-00-DX1.f3863ea5-564f-482f-9878-cc104cf69401,TCGA-05-4418,step3-luad-part00-20260504,1,-16.63765,-11.667854
TCGA-05-4420-01Z-00-DX1.2df0552e-87dc-491e-9be2-be8fbce2660d,TCGA-05-4420,step3-luad-part00-20260504,1,-20.145842,-11.4388685
TCGA-05-4426-01Z-00-DX1.4c9da782-f4aa-4c4f-b3aa-fae2259f236f,TCGA-05-4426,step3-luad-part00-20260504,1,-18.414118,-13.531945
TCGA-05-4427-01Z-00-DX1.36CF4E93-3FBB-4346-A26B-85F0D9D0575D,TCGA-05-4427,step3-luad-part00-20260504,1,-19.700218,-11.954764
TCGA-05-4430-01Z-00-DX1.95659bbb-3091-4370-bc1d-6c6c1baa7b3d,TCGA-05-4430,step3-luad-part00-20260504,1,-11.160709,-14.687858
TCGA-05-5420-01Z-00-DX1.8C253A99-44FD-48B6-AF31-D808CCB7DB1E,TCGA-05-5420,step3-luad-part00-20260504,1,-23.60574,-8.115657
TCGA-05-5423-01Z-00-DX1.CCCF5FDB-ACAD-4D9D-80DF-556F0D6284AF,TCGA-05-5423,step3-luad-part00-20260504,1,-17.824783,-17.51199
TCGA-05-5429-01Z-00-DX1.20729065-FADA-4E43-98D7-AFA5FB4A0447,TCGA-05-5429,step3-luad-part00-20260504,1,-27.20761,-11.438189
TCGA-05-5715-01Z-00-DX1.D3F0A1FA-2507-45FF-823F-F9981E62BB4C,TCGA-05-5715,step3-luad-part00-20260504,1,-9.861365,-19.350916
TCGA-35-4122-01Z-00-DX1.2ac022e4-e796-49e5-9a24-f0ff3f76a527,TCGA-35-4122,step3-luad-part00-20260504,2,16.387611,3.6924574
TCGA-35-4123-01Z-00-DX1.990553a8-657e-49ec-9782-e6d30a4c4909,TCGA-35-4123,step3-luad-part00-20260504,2,-0.397946,2.1882238
TCGA-38-4627-01Z-00-DX1.fe406eb9-b38b-410d-aa1a-84ab8ac091c7,TCGA-38-4627,step3-luad-part00-20260504,2,15.355753,3.2093573
TCGA-38-4630-01Z-00-DX1.d08d0193-c5ed-4db8-b236-1a4c3c3177b8,TCGA-38-4630,step3-luad-part00-20260504,1,-14.161836,1.1158633
TCGA-38-4631-01Z-00-DX1.5e0c873a-9c4c-4e0b-bf2e-e3cd8b760761,TCGA-38-4631,step3-luad-part00-20260504,1,-12.704338,0.067007564
TCGA-38-6178-01Z-00-DX1.5932337D-BA2B-455D-9E34-22961EFA2170,TCGA-38-6178,step3-luad-part00-20260504,2,7.6845217,2.739826
TCGA-38-7271-01Z-00-DX1.EF258BEB-8DEA-483E-823A-1E0B90AAA392,TCGA-38-7271,step3-luad-part00-20260504,2,10.112994,-2.8175466
TCGA-44-2655-01Z-00-DX1.ee255271-780c-461c-ab23-5cd3504b5e4a,TCGA-44-2655,step3-luad-part00-20260504,2,10.978994,5.64247
TCGA-44-2657-01Z-00-DX1.b7f608bd-2381-40a2-a757-ca4648a7de8a,TCGA-44-2657,step3-luad-part00-20260504,2,7.810766,8.617693
TCGA-44-2659-01Z-00-DX1.b33f40e6-bc18-48b0-8dad-bdb0a6a200b5,TCGA-44-2659,step3-luad-part00-20260504,2,19.26748,7.7681785
TCGA-44-2662-01Z-00-DX1.398f3f84-fd48-4454-b789-a3e90cd36d73,TCGA-44-2662,step3-luad-part00-20260504,2,-2.5792458,9.313421
TCGA-44-2665-01Z-00-DX1.d429e37e-3915-4da6-b5bc-bf2f09f4fbf7,TCGA-44-2665,step3-luad-part00-20260504,2,3.0705905,9.23164
TCGA-44-2666-01Z-00-DX1.f81a89cf-6033-47ea-9a43-290a5d6a28c1,TCGA-44-2666,step3-luad-part00-20260504,2,10.952986,7.1240635
TCGA-44-2668-01Z-00-DX1.f66fa464-dad1-4a9f-8486-3d7579ca42b6,TCGA-44-2668,step3-luad-part00-20260504,2,2.4441493,7.3903027
TCGA-44-3398-01Z-00-DX1.74757c91-a0c6-4e7f-b2db-8748c68ffa44,TCGA-44-3398,step3-luad-part00-20260504,2,4.0106044,11.186482
TCGA-44-3917-01Z-00-DX1.cf5b5b49-de5e-4f2e-90b4-b138f55560a9,TCGA-44-3917,step3-luad-part00-20260504,2,-1.6724277,8.052481
TCGA-44-3918-01Z-00-DX1.6da70a8b-6307-423a-9d2d-380c16962855,TCGA-44-3918,step3-luad-part00-20260504,2,10.441036,3.1896226
TCGA-44-3919-01Z-00-DX1.41144972-46a1-4b25-9faa-ed1b9d1996d2,TCGA-44-3919,step3-luad-part00-20260504,2,12.938824,9.698666
TCGA-44-4112-01Z-00-DX1.5380b3b4-0e24-4c6c-aa8c-298c5fbe068f,TCGA-44-4112,step3-luad-part00-20260504,2,8.640423,9.860571
TCGA-44-5643-01Z-00-DX1.83fb7631-0ecb-4473-bfb2-c8daa2f87d35,TCGA-44-5643,step3-luad-part00-20260504,2,-1.3310544,6.4061823
TCGA-44-6146-01Z-00-DX1.8db8c567-690e-4df3-98a9-f241b6a8d811,TCGA-44-6146,step3-luad-part00-20260504,2,9.626091,11.393268
TCGA-44-6147-01Z-00-DX1.a34a9f49-e86b-43ee-9e2d-7ef35da0aecf,TCGA-44-6147,step3-luad-part00-20260504,2,7.4789333,6.5616775
TCGA-44-6774-01Z-00-DX1.f169485b-f863-4be0-9844-258d78170b64,TCGA-44-6774,step3-luad-part00-20260504,2,9.155988,7.643667
TCGA-44-6779-01Z-00-DX1.40f10ad8-55f3-4043-a89b-37d33a26dd8c,TCGA-44-6779,step3-luad-part00-20260504,2,-3.4259803,3.7846498
TCGA-44-7659-01Z-00-DX1.818bf5b3-b4c1-4d23-a6ae-98d5015eb8c1,TCGA-44-7659,step3-luad-part00-20260504,2,15.095282,7.5293107
TCGA-44-7660-01Z-00-DX1.f96c114b-f0fc-498a-97cc-e262344de357,TCGA-44-7660,step3-luad-part00-20260504,2,-2.3049264,7.4329104
TCGA-44-7661-01Z-00-DX1.baf72abd-edb9-4f56-beb3-f5138aa50930,TCGA-44-7661,step3-luad-part00-20260504,0,-35.16802,56.174477
TCGA-44-7662-01Z-00-DX1.2f0b6cea-795a-40ad-93a9-319858e6fb3b,TCGA-44-7662,step3-luad-part00-20260504,2,-3.4988964,4.621435
TCGA-44-7667-01Z-00-DX1.2be2e379-7368-4fa7-a619-ace84febecb3,TCGA-44-7667,step3-luad-part00-20260504,2,-2.8498976,9.261838
TCGA-44-7669-01Z-00-DX1.34d0c9ac-d3dc-4a5e-b99c-a8c1c1e120d1,TCGA-44-7669,step3-luad-part00-20260504,2,0.7806318,5.786733
TCGA-44-7672-01Z-00-DX1.71f4a0c6-a9cc-481c-ace8-c8c314952aa1,TCGA-44-7672,step3-luad-part01-20260504,2,12.218981,8.097839
TCGA-44-A47B-01Z-00-DX1.177D0531-E037-435B-BFD4-382B2150B10D,TCGA-44-A47B,step3-luad-part01-20260504,1,-6.8743253,-7.057991
TCGA-49-4490-01Z-00-DX1.bde106d9-1494-4775-b77d-11c86bb09b72,TCGA-49-4490,step3-luad-part01-20260504,2,13.505937,-0.59479296
TCGA-49-4505-01Z-00-DX1.d49d603e-1f76-43a1-a803-9f2d6a6df715,TCGA-49-4505,step3-luad-part01-20260504,2,12.110259,0.39510804
TCGA-49-4506-01Z-00-DX1.b13b8ef2-fd06-4309-a767-696a9afeaedd,TCGA-49-4506,step3-luad-part01-20260504,2,8.325662,-0.7865397
TCGA-49-6742-01Z-00-DX1.23e8883f-0ecc-4359-a8b5-75d49f43a08b,TCGA-49-6742,step3-luad-part01-20260504,2,3.0723836,0.023082085
TCGA-49-6743-01Z-00-DX1.ddae5601-6ffa-4a70-8755-8645d5e45135,TCGA-49-6743,step3-luad-part01-20260504,2,-4.118806,-0.4789784
TCGA-49-6745-01Z-00-DX1.6bf8a38c-5e3a-4b32-8870-03bc06c0db80,TCGA-49-6745,step3-luad-part01-20260504,2,-2.543008,7.9859495
TCGA-49-6761-01Z-00-DX1.10c577a2-f65c-4517-8a25-83d44e380f8f,TCGA-49-6761,step3-luad-part01-20260504,2,17.595,-1.0503258
TCGA-49-6767-01Z-00-DX1.53459c0e-b8ec-4893-9910-87b63c503134,TCGA-49-6767,step3-luad-part01-20260504,1,-3.4372227,-10.677118
TCGA-49-AAR0-01Z-00-DX1.1635383C-0FB3-4CF9-BABC-08AC19CCE501,TCGA-49-AAR0,step3-luad-part01-20260504,2,17.53772,-10.057305
TCGA-49-AAR2-01Z-00-DX1.1F09F896-446E-4C55-8D01-6C34A98AB1D2,TCGA-49-AAR2,step3-luad-part01-20260504,1,-5.5955005,-9.262294
TCGA-49-AAR3-01Z-00-DX1.B4D85F13-CEB4-46DA-BF39-0200B9E55835,TCGA-49-AAR3,step3-luad-part01-20260504,2,10.58162,-8.994851
TCGA-49-AAR4-01Z-00-DX1.EDB32358-AF23-4F81-A99F-15574A2DE28E,TCGA-49-AAR4,step3-luad-part01-20260504,2,6.0526433,-4.9305944
TCGA-49-AARE-01Z-00-DX1.3559B3A9-6699-472F-B731-1BD9F93EE82A,TCGA-49-AARE,step3-luad-part01-20260504,1,-0.5207891,-10.367528
TCGA-49-AARO-01Z-00-DX1.FB8C82DC-F823-43CF-A8EA-1208C767AF54,TCGA-49-AARO,step3-luad-part01-20260504,2,17.926157,-11.023015
TCGA-49-AARQ-01Z-00-DX1.3FA36419-1658-4602-9170-84A622787C3E,TCGA-49-AARQ,step3-luad-part01-20260504,1,-9.05601,-10.541943
TCGA-49-AARR-01Z-00-DX1.9BCAFE3D-447C-40D6-85DD-AFABF6978376,TCGA-49-AARR,step3-luad-part01-20260504,1,-7.29605,-10.006961
TCGA-4B-A93V-01Z-00-DX1.C263DC1C-298D-47ED-AAF8-128043828530,TCGA-4B-A93V,step3-luad-part01-20260504,2,5.5603223,-9.273142
TCGA-50-5044-01Z-00-DX1.7E0E651F-411B-4784-B0FA-6EB612527430,TCGA-50-5044,step3-luad-part01-20260504,1,-4.6654162,-13.079265
TCGA-50-5045-01Z-00-DX1.ec50bbfc-1721-4e94-ac11-9ebd843e11ba,TCGA-50-5045,step3-luad-part01-20260504,2,-0.35922167,1.046819
TCGA-50-5066-01Z-00-DX1.e161df31-84a4-40a4-a6a2-748b60820f77,TCGA-50-5066,step3-luad-part01-20260504,2,16.554806,15.049938
TCGA-50-5939-01Z-00-DX1.745D7503-0744-46B1-BC89-EBB8FCE2D55C,TCGA-50-5939,step3-luad-part01-20260504,1,0.92229044,-10.985994
TCGA-50-6590-01Z-00-DX1.B08B2656-3DC7-4D35-A54D-9C57A7A773B3,TCGA-50-6590,step3-luad-part01-20260504,1,-10.062882,-9.900124
TCGA-50-6591-01Z-00-DX1.12e1050b-75e9-4059-b945-291995b3e93c,TCGA-50-6591,step3-luad-part01-20260504,2,-5.626097,5.0693436
TCGA-50-6593-01Z-00-DX1.a63e298c-cbe7-44e8-8d8e-34ebb93530ca,TCGA-50-6593,step3-luad-part01-20260504,2,3.8551936,1.9338733
TCGA-50-6594-01Z-00-DX1.43b2005a-4245-4025-ad85-4a957f308a5c,TCGA-50-6594,step3-luad-part01-20260504,2,0.14262925,7.1136813
TCGA-50-6597-01Z-00-DX1.ec7fc0b2-78a1-4384-bddd-e89f02ee5eb6,TCGA-50-6597,step3-luad-part01-20260504,2,15.85486,14.7713
TCGA-50-7109-01Z-00-DX1.08f6420c-baa2-4e79-908e-ebbdeec503a6,TCGA-50-7109,step3-luad-part01-20260504,2,17.248693,10.465531
TCGA-50-8459-01Z-00-DX1.24D876E7-5265-4C5D-A215-0BAE5450EEF3,TCGA-50-8459,step3-luad-part01-20260504,1,-0.9533591,-9.9379
TCGA-53-A4EZ-01Z-00-DX1.5D155F0B-A677-4589-AF00-A4C451F5B6B6,TCGA-53-A4EZ,step3-luad-part01-20260504,1,-7.021065,-10.240232
TCGA-55-1592-01Z-00-DX1.ee15e261-2f9c-4a93-a19f-27cb1c3bae15,TCGA-55-1592,step3-luad-part01-20260504,2,6.536985,6.0769854
TCGA-55-1594-01Z-00-DX1.bd90c500-7c0b-4c45-a3f7-2d9177384b1d,TCGA-55-1594,step3-luad-part01-20260504,2,-1.7197105,1.7260071
TCGA-55-1596-01Z-00-DX1.de65522d-92ab-408e-9b7e-24210d386b97,TCGA-55-1596,step3-luad-part01-20260504,1,-12.880801,3.6424618
TCGA-55-6543-01Z-00-DX1.08806fe0-84d3-4fd6-8746-6cf557241958,TCGA-55-6543,step3-luad-part01-20260504,2,5.0421605,3.7145014
TCGA-55-6970-01Z-00-DX1.be042a9b-3eab-4b6c-9cd7-7486ffab037f,TCGA-55-6970,step3-luad-part01-20260504,2,10.4743185,2.7187338
TCGA-55-6972-01Z-00-DX1.0b441ad0-c30f-4f63-849a-36c98d6e2d3b,TCGA-55-6972,step3-luad-part01-20260504,2,4.375404,4.822621
TCGA-55-6978-01Z-00-DX1.2ef6d6aa-2a19-4bce-b845-cc83ac81a1c3,TCGA-55-6978,step3-luad-part01-20260504,2,-1.5586523,5.7447357
TCGA-55-6982-01Z-00-DX1.055aeec1-2fc1-4796-b5df-c159335e0300,TCGA-55-6982,step3-luad-part01-20260504,2,3.5899942,6.6226034
TCGA-55-6983-01Z-00-DX1.8f940a64-1f1b-4e6e-99ea-418175be2b3f,TCGA-55-6983,step3-luad-part01-20260504,2,3.3390284,5.697503
TCGA-55-7227-01Z-00-DX1.e1a9e09c-4a50-4ee5-b1e4-2c7ae34dc913,TCGA-55-7227,step3-luad-part01-20260504,2,5.874598,5.0013328
TCGA-55-7281-01Z-00-DX1.a92dafa4-3a65-4f5c-97f0-83aff231274a,TCGA-55-7281,step3-luad-part01-20260504,2,8.922171,2.9834375
TCGA-55-7283-01Z-00-DX1.0f716216-0a46-404e-a4d4-5bb6d7e3f0d1,TCGA-55-7283,step3-luad-part01-20260504,2,8.649916,3.5025089
TCGA-55-7284-01Z-00-DX1.68b95b9b-1aab-4f03-aad3-1132467b7499,TCGA-55-7284,step3-luad-part01-20260504,2,4.479098,10.505403
TCGA-55-7573-01Z-00-DX1.43a4bbd2-6a3b-4910-9356-2d750a736817,TCGA-55-7573,step3-luad-part01-20260504,2,14.352211,7.6665015
TCGA-55-7726-01Z-00-DX1.37df197b-d4fb-41c4-ac6a-72dbaa31027b,TCGA-55-7726,step3-luad-part01-20260504,2,12.309394,6.7607994
TCGA-55-7728-01Z-00-DX1.1d47a5fe-cab5-4d5a-a62b-16f345334d25,TCGA-55-7728,step3-luad-part01-20260504,2,8.522235,7.2071047
TCGA-55-7816-01Z-00-DX1.A58C6196-E1A0-48B3-9B77-2EDCD7A43CBA,TCGA-55-7816,step3-luad-part01-20260504,2,8.133641,4.4355125
TCGA-55-7903-01Z-00-DX1.40fc5dcb-b5bb-46b4-90bd-2eeb3ea880f5,TCGA-55-7903,step3-luad-part01-20260504,2,6.552571,6.272252
TCGA-55-7911-01Z-00-DX1.081bc002-06ee-4218-a25f-26c0e6c4b333,TCGA-55-7911,step3-luad-part01-20260504,2,16.935095,9.451282
TCGA-55-7914-01Z-00-DX1.875bffe1-8c56-4c29-ab11-6840ee3a643c,TCGA-55-7914,step3-luad-part02-20260504,2,3.6069906,5.3188024
TCGA-55-7995-01Z-00-DX1.fef24d04-35a0-4f57-8f51-7ad602a78871,TCGA-55-7995,step3-luad-part02-20260504,2,5.0389757,15.54116
TCGA-55-8085-01Z-00-DX1.ff220eba-3515-4d2e-b317-76337dd3d206,TCGA-55-8085,step3-luad-part02-20260504,2,-1.6101753,8.828062
TCGA-55-8087-01Z-00-DX1.548f2800-8caf-4c0e-a7b5-6d3d28315d9c,TCGA-55-8087,step3-luad-part02-20260504,2,14.30231,3.3973212
TCGA-55-8090-01Z-00-DX1.83f86d5f-7cb9-443a-a812-b19ba4aea836,TCGA-55-8090,step3-luad-part02-20260504,2,10.599021,13.406143
TCGA-55-8094-01Z-00-DX1.8dc29615-e124-4f17-81a1-c0b20c38d12c,TCGA-55-8094,step3-luad-part02-20260504,2,8.879858,16.891626
TCGA-55-8097-01Z-00-DX1.2f847b65-a5dc-41be-9dd0-a1e11df3cd10,TCGA-55-8097,step3-luad-part02-20260504,2,17.231339,6.7211676
TCGA-55-8204-01Z-00-DX1.30ba69f3-53f1-41cc-826c-20dce3cfe86b,TCGA-55-8204,step3-luad-part02-20260504,2,4.8143053,5.904561
TCGA-55-8205-01Z-00-DX1.6df6d499-f325-409d-acb1-9e13172f2bb4,TCGA-55-8205,step3-luad-part02-20260504,2,13.995927,12.696247
TCGA-55-8507-01Z-00-DX1.3C6198CF-3E13-4C4C-B851-5BDFF8552621,TCGA-55-8507,step3-luad-part02-20260504,2,16.496437,6.668373
TCGA-55-8510-01Z-00-DX1.BB1EAC72-6215-400B-BCBF-E3D51A60182D,TCGA-55-8510,step3-luad-part02-20260504,2,20.451372,12.922699
TCGA-55-8513-01Z-00-DX1.E21776FE-DF49-48D1-90D6-6F71D0764492,TCGA-55-8513,step3-luad-part02-20260504,2,4.439695,10.001871
TCGA-55-8514-01Z-00-DX1.499CF563-B404-4061-9D1A-57954BBE2CE7,TCGA-55-8514,step3-luad-part02-20260504,2,8.301408,10.249482
TCGA-55-8615-01Z-00-DX1.928CFCA6-059D-4901-8D6A-BC7D9486C29F,TCGA-55-8615,step3-luad-part02-20260504,2,5.2885885,10.427018
TCGA-55-8619-01Z-00-DX1.46C7678A-6032-4C95-B535-85C87B92B6ED,TCGA-55-8619,step3-luad-part02-20260504,2,11.602277,8.709808
TCGA-55-8620-01Z-00-DX1.6591EEC4-D696-4826-80BD-99BE1D99EBB8,TCGA-55-8620,step3-luad-part02-20260504,2,11.831489,14.071766
TCGA-55-A48Z-01Z-00-DX1.0867DC6A-2A51-4CF1-AE3F-0526CE2DD740,TCGA-55-A48Z,step3-luad-part02-20260504,2,19.195385,11.7686
TCGA-55-A491-01Z-00-DX1.E5F3B4E5-18EA-4067-AE28-119DABCE739A,TCGA-55-A491,step3-luad-part02-20260504,2,17.452868,18.581041
TCGA-55-A492-01Z-00-DX1.31B23842-7F8B-4311-88DF-C51CB4F54AED,TCGA-55-A492,step3-luad-part02-20260504,2,18.629515,6.765996
TCGA-55-A494-01Z-00-DX1.8C7C4BE0-791A-47CA-B0A8-1935366350E0,TCGA-55-A494,step3-luad-part02-20260504,2,-7.8072095,8.476443
TCGA-55-A4DF-01Z-00-DX1.C945E1AD-BEF4-403F-BB11-BAC831D24CDA,TCGA-55-A4DF,step3-luad-part02-20260504,2,9.263473,8.946075
TCGA-55-A4DG-01Z-00-DX1.9CE9B7BE-48EF-44F1-9C25-F15700A3E5DE,TCGA-55-A4DG,step3-luad-part02-20260504,2,10.494605,7.9332366
TCGA-62-A46P-01Z-00-DX1.9136CC96-51B9-4FEB-8BCF-2C3676C708B1,TCGA-62-A46P,step3-luad-part02-20260504,1,-34.88146,-0.105789706
TCGA-62-A46V-01Z-00-DX1.631E54D0-9E57-4932-B4EF-81820E56A95B,TCGA-62-A46V,step3-luad-part02-20260504,1,-9.481315,-7.2865796
TCGA-64-1677-01Z-00-DX1.7720D42B-1F57-4C23-9BC5-87C456E7737B,TCGA-64-1677,step3-luad-part02-20260504,1,-11.73293,-9.927746
TCGA-64-1679-01Z-00-DX1.f9fd24ef-d51c-4530-9fb5-e8a8f09dba73,TCGA-64-1679,step3-luad-part02-20260504,2,1.1100687,0.8083682
TCGA-64-1681-01Z-00-DX1.fb0244f6-51a8-4da2-b45c-38d8e02edab7,TCGA-64-1681,step3-luad-part02-20260504,2,0.78042346,1.9478376
TCGA-64-5774-01Z-00-DX1.5E3B95EB-BF45-4687-BCF7-AA2A41AA806C,TCGA-64-5774,step3-luad-part02-20260504,1,-21.28892,-11.006236
TCGA-64-5778-01Z-00-DX1.96C39819-8A65-4651-BE83-39959F6FAD05,TCGA-64-5778,step3-luad-part02-20260504,1,-6.1111913,-14.842446
TCGA-64-5779-01Z-00-DX1.B3268447-DCE0-4927-B5A9-EC4D61E9B17D,TCGA-64-5779,step3-luad-part02-20260504,1,-20.1928,-11.641469
TCGA-64-5815-01Z-00-DX1.1E3600B5-7E83-47BE-AC70-E0C2D623740B,TCGA-64-5815,step3-luad-part02-20260504,1,-14.044408,-12.469143
TCGA-67-3770-01Z-00-DX1.4C14BE72-905C-4AAE-B07A-6437D98A23FA,TCGA-67-3770,step3-luad-part02-20260504,1,-1.8660611,-16.391314
TCGA-67-3771-01Z-00-DX1.7B54D132-6AB7-4F2D-8BFF-33AFE83CF204,TCGA-67-3771,step3-luad-part02-20260504,1,-7.6560225,-12.597668
TCGA-67-3774-01Z-00-DX1.FE85FDCB-91D2-47C5-8D13-D622A51A7BE0,TCGA-67-3774,step3-luad-part02-20260504,1,3.1560314,-17.990488
TCGA-67-4679-01Z-00-DX1.a3d84341-fed7-4235-a053-638ed5294954,TCGA-67-4679,step3-luad-part02-20260504,0,-29.66247,40.391235
TCGA-69-7763-01Z-00-DX1.33203e8a-43e9-4e3e-98ba-1ac08b80a44f,TCGA-69-7763,step3-luad-part02-20260504,2,16.730509,2.266088
TCGA-69-7764-01Z-00-DX1.be9fec48-68eb-4c27-a028-5315d7e368e0,TCGA-69-7764,step3-luad-part02-20260504,0,-19.780039,25.251852
TCGA-69-7765-01Z-00-DX1.ac389366-febb-488c-9190-fe00bc07cd20,TCGA-69-7765,step3-luad-part02-20260504,2,12.120605,3.485735
TCGA-69-7973-01Z-00-DX1.aefb015a-cb51-425f-a80f-cd51091a0ee3,TCGA-69-7973,step3-luad-part02-20260504,2,0.48270848,5.598608
TCGA-69-7974-01Z-00-DX1.e4282067-fc3d-4fee-bae7-fe99000979d4,TCGA-69-7974,step3-luad-part02-20260504,2,-2.330743,-0.57373464
TCGA-69-7978-01Z-00-DX1.90a2bf2f-18e2-4bfe-b858-d2de619e2493,TCGA-69-7978,step3-luad-part02-20260504,2,-2.0432508,-0.16407384
TCGA-69-7979-01Z-00-DX1.c9bc265d-4889-4333-9852-b8b535887f1e,TCGA-69-7979,step3-luad-part02-20260504,0,-31.18128,43.332592
TCGA-69-8254-01Z-00-DX1.83a81d08-8c70-4f07-b4da-cbd17c4fe4d4,TCGA-69-8254,step3-luad-part02-20260504,2,11.371689,5.845853
TCGA-69-A59K-01Z-00-DX1.01EAF520-9AC1-4ECC-8EF3-B9122924A1E3,TCGA-69-A59K,step3-luad-part02-20260504,1,-9.99506,-13.0606785
TCGA-71-6725-01Z-00-DX1.b9e1d4aa-439d-481f-b24b-134c4e470f28,TCGA-71-6725,step3-luad-part02-20260504,2,-1.5001847,16.583397
TCGA-73-4658-01Z-00-DX1.d5beb44f-9d76-485a-8af4-407b0f1a610e,TCGA-73-4658,step3-luad-part02-20260504,2,0.64172864,-0.39051068
TCGA-73-4662-01Z-00-DX1.76e23a15-0917-44ad-9181-50100d318003,TCGA-73-4662,step3-luad-part02-20260504,2,19.518694,0.7739423
TCGA-73-4670-01Z-00-DX1.a92a23d5-01aa-45a2-9f83-4784cd65fd58,TCGA-73-4670,step3-luad-part02-20260504,2,19.184704,2.1297903
TCGA-73-7499-01Z-00-DX1.81f5c1c1-3d40-4773-a1fb-e1f8eb9f6730,TCGA-73-7499,step3-luad-part02-20260504,2,4.05012,-0.4336687
TCGA-73-A9RS-01Z-00-DX1.EDCEFE41-61E2-48C9-B8D5-28B55372E0CA,TCGA-73-A9RS,step3-luad-part02-20260504,1,-14.414888,-11.533794
TCGA-75-5125-01Z-00-DX1.2E419CAF-E248-4959-951E-498D8054433E,TCGA-75-5125,step3-luad-part03-20260504,1,-18.864334,-9.01297
TCGA-75-5126-01Z-00-DX1.164887F4-9986-415F-A94A-E40E92D80DA3,TCGA-75-5126,step3-luad-part03-20260504,1,-23.200212,-6.8284645
TCGA-75-5147-01Z-00-DX1.3156FA5C-9737-4EAA-989C-FD578FBF15A1,TCGA-75-5147,step3-luad-part03-20260504,1,-6.1762614,-9.994616
TCGA-75-6203-01Z-00-DX1.9796ACAB-9E1A-4BC5-B80C-4EC856FA14B7,TCGA-75-6203,step3-luad-part03-20260504,1,-16.626318,-8.424595
TCGA-75-6207-01Z-00-DX1.837B7B0F-424C-423B-9045-A905E7C1C54C,TCGA-75-6207,step3-luad-part03-20260504,1,-20.607956,-7.227318
TCGA-75-6211-01Z-00-DX1.3E7B5948-521E-48EE-9204-80F5713ECD25,TCGA-75-6211,step3-luad-part03-20260504,1,-12.972341,7.173683
TCGA-75-6214-01Z-00-DX1.00424C13-65B8-4872-81EB-EE207AB3F78C,TCGA-75-6214,step3-luad-part03-20260504,1,-12.801116,3.7582798
TCGA-75-7025-01Z-00-DX1.284477D7-4F47-4084-A15C-0A7E9571E3DF,TCGA-75-7025,step3-luad-part03-20260504,1,1.6194634,-7.2029047
TCGA-75-7030-01Z-00-DX1.5DDF24B5-00D1-4418-A067-A9B609E15314,TCGA-75-7030,step3-luad-part03-20260504,1,-2.2776508,-8.585652
TCGA-78-7146-01Z-00-DX1.830209b2-94c5-4277-a7b6-b2f2634de0dc,TCGA-78-7146,step3-luad-part03-20260504,2,1.2826277,2.6972
TCGA-78-7147-01Z-00-DX1.a9fd2c5d-b8f3-4524-bd64-6c3362ce373b,TCGA-78-7147,step3-luad-part03-20260504,2,8.409986,0.45397612
TCGA-78-7148-01Z-00-DX1.aac94f79-77f2-45e6-b0c3-0b103fecbb22,TCGA-78-7148,step3-luad-part03-20260504,2,13.67378,5.6242065
TCGA-78-7152-01Z-00-DX1.a04f9d84-3304-402c-9c0c-f64545c14781,TCGA-78-7152,step3-luad-part03-20260504,2,17.16523,3.9622457
TCGA-78-7154-01Z-00-DX1.596c20c2-e811-4b5e-961c-98343afcccde,TCGA-78-7154,step3-luad-part03-20260504,2,-3.2411191,2.800714
TCGA-78-7158-01Z-00-DX1.74db3dcd-2715-4ce7-8e48-30c8b7946ba0,TCGA-78-7158,step3-luad-part03-20260504,2,3.4356995,4.507646
TCGA-78-7159-01Z-00-DX1.399d865f-f4f9-4602-b15b-908be0afe459,TCGA-78-7159,step3-luad-part03-20260504,2,4.3365116,3.1287124
TCGA-78-7160-01Z-00-DX1.f40f6c04-74b1-4cef-aabc-cbafadbdf39f,TCGA-78-7160,step3-luad-part03-20260504,2,-2.8347082,2.2339919
TCGA-78-7161-01Z-00-DX1.646cf15a-5961-4728-b9fe-fe3fff11831f,TCGA-78-7161,step3-luad-part03-20260504,2,-3.7264278,5.3955874
TCGA-78-7166-01Z-00-DX1.d19ad2d9-b006-4a13-ba54-2fec234c2373,TCGA-78-7166,step3-luad-part03-20260504,2,-3.3077023,4.300296
TCGA-78-7220-01Z-00-DX1.3df84ce0-4395-4c9e-ba62-76b55676a440,TCGA-78-7220,step3-luad-part03-20260504,2,3.3840594,2.8763237
TCGA-78-7535-01Z-00-DX1.c4ca06f3-22d1-4e39-85c8-98d1fa2b0e60,TCGA-78-7535,step3-luad-part03-20260504,2,2.7763472,5.1631765
TCGA-78-7539-01Z-00-DX1.b838d859-2fb7-48d1-a442-d366ac404099,TCGA-78-7539,step3-luad-part03-20260504,2,14.648131,8.036607
TCGA-78-7540-01Z-00-DX1.25c29857-0d5f-4e52-be0c-32c6686b653f,TCGA-78-7540,step3-luad-part03-20260504,2,12.034414,3.289684
TCGA-78-7542-01Z-00-DX1.2ee042a6-11ee-4668-b254-44144fca4234,TCGA-78-7542,step3-luad-part03-20260504,2,5.971038,3.0751765
TCGA-78-7633-01Z-00-DX1.f0cd4825-eb92-4098-954a-fbb1e4851660,TCGA-78-7633,step3-luad-part03-20260504,2,15.756736,7.048568
TCGA-78-8660-01Z-00-DX1.11E923ED-C01B-439D-8796-08C9E3DC2D93,TCGA-78-8660,step3-luad-part03-20260504,1,-6.5366755,-11.888075
TCGA-78-8662-01Z-00-DX1.754A4C57-B5FA-4077-99E4-F6EFA6459410,TCGA-78-8662,step3-luad-part03-20260504,2,7.5094304,-11.8803
TCGA-80-5607-01Z-00-DX1.94C9CF78-2F79-4A0B-8939-1CD9B915222D,TCGA-80-5607,step3-luad-part03-20260504,1,-0.7567967,-8.163016
TCGA-80-5608-01Z-00-DX1.CB85BA53-AF00-4C7D-8489-C2FF0F4F49AB,TCGA-80-5608,step3-luad-part03-20260504,1,-12.275192,-7.920065
TCGA-80-5611-01Z-00-DX1.31920706-8AF4-46D2-B1D4-7DD5AF4AAC77,TCGA-80-5611,step3-luad-part03-20260504,1,-16.691895,-7.483521
TCGA-83-5908-01Z-00-DX1.381c8f82-61a0-4e9d-982d-1ad0af7bead9,TCGA-83-5908,step3-luad-part03-20260504,2,1.1719939,1.6235915
TCGA-86-6851-01Z-00-DX1.0b13e600-fd7b-44a2-9ec2-26e9938fb7bc,TCGA-86-6851,step3-luad-part03-20260504,0,-22.322474,19.488039
TCGA-86-7701-01Z-00-DX1.a8a6e71e-9fa9-42c6-a186-0ac7526e9960,TCGA-86-7701,step3-luad-part03-20260504,0,-23.62187,25.821955
TCGA-86-7713-01Z-00-DX1.23f9e213-b566-47bb-beb8-7d12b2f0508b,TCGA-86-7713,step3-luad-part03-20260504,1,-11.449211,6.6282687
TCGA-86-7953-01Z-00-DX1.847865ce-df59-4677-bac2-ee88a258fe4e,TCGA-86-7953,step3-luad-part03-20260504,0,-22.15509,25.600256
TCGA-86-7954-01Z-00-DX1.0a063ee6-18b7-4b66-9726-04fb452156cb,TCGA-86-7954,step3-luad-part03-20260504,0,-22.507027,24.084013
TCGA-86-8054-01Z-00-DX1.2c4c08f6-be1c-46d1-a719-5983cade0c54,TCGA-86-8054,step3-luad-part03-20260504,0,-21.335274,22.32028
TCGA-86-8055-01Z-00-DX1.546dc42e-3742-4da5-8f9b-80732180ce76,TCGA-86-8055,step3-luad-part03-20260504,0,-23.63307,32.019783
TCGA-86-8056-01Z-00-DX1.eee7e03a-842c-4a44-bff8-f7b906725605,TCGA-86-8056,step3-luad-part03-20260504,0,-19.783901,24.195156
TCGA-86-8073-01Z-00-DX1.33c016fc-5c9e-4ad6-8de2-a7f8521d205c,TCGA-86-8073,step3-luad-part03-20260504,0,-11.609916,16.341236
TCGA-86-8074-01Z-00-DX1.0c34b434-8701-4060-a4ea-08a72371ee1e,TCGA-86-8074,step3-luad-part03-20260504,0,-14.6836405,20.256224
TCGA-86-8076-01Z-00-DX1.e7378b2f-e20e-4d2f-a86c-3a8ead08a385,TCGA-86-8076,step3-luad-part03-20260504,0,-22.368795,26.176104
TCGA-86-8280-01Z-00-DX1.52627b97-1cfa-4382-819b-949b58c0f995,TCGA-86-8280,step3-luad-part03-20260504,0,-21.556263,29.083597
TCGA-86-8281-01Z-00-DX1.02237263-003b-4de1-8a2f-0f3ad14768c7,TCGA-86-8281,step3-luad-part03-20260504,2,-2.9071028,0.09219975
TCGA-86-8668-01Z-00-DX1.d720d486-02c7-4f98-8feb-e0e50a12c158,TCGA-86-8668,step3-luad-part03-20260504,1,-3.5750995,-0.9978083
TCGA-86-8671-01Z-00-DX1.1fd0019c-df9d-48cc-9055-8de57759f273,TCGA-86-8671,step3-luad-part03-20260504,1,-10.507182,1.3249944
TCGA-86-A456-01Z-00-DX1.5C7CBF9B-0AE3-4776-9434-296AA0C605CC,TCGA-86-A456,step3-luad-part03-20260504,1,-5.2731714,-14.087727
TCGA-86-A4JF-01Z-00-DX1.22828B15-D68E-4300-A3A8-FBC11B319BC5,TCGA-86-A4JF,step3-luad-part03-20260504,1,-9.683532,-10.140893
TCGA-86-A4P7-01Z-00-DX1.37026DCF-5A81-4098-B444-C8A40CA168D0,TCGA-86-A4P7,step3-luad-part03-20260504,1,-4.73257,-9.529974
TCGA-93-7348-01Z-00-DX1.d657dc43-ca6c-404a-8ebe-6e6b78a8d1d1,TCGA-93-7348,step3-luad-part03-20260504,2,0.31839615,9.625266
TCGA-93-A4JO-01Z-00-DX1.314C53B6-603C-402B-8CF7-E3CE851A0A0F,TCGA-93-A4JO,step3-luad-part04-20260504,1,-2.3260555,-12.496936
TCGA-93-A4JQ-01Z-00-DX1.24573112-917C-43E9-B0FD-763C290AA88A,TCGA-93-A4JQ,step3-luad-part04-20260504,2,6.513547,-11.494143
TCGA-95-7043-01Z-00-DX1.AE0FD8AA-9B88-45FE-B247-402BED1285EF,TCGA-95-7043,step3-luad-part04-20260504,1,-9.973318,-10.252266
TCGA-95-7562-01Z-00-DX1.C722891A-C5C6-4F0D-A73F-259FA8DB2394,TCGA-95-7562,step3-luad-part04-20260504,1,-5.923951,-12.330742
TCGA-95-7944-01Z-00-DX1.E66A3565-7B0D-412B-9C0C-81D7397E8B87,TCGA-95-7944,step3-luad-part04-20260504,1,-9.231842,-15.399665
TCGA-95-8039-01Z-00-DX1.38b07435-987d-495d-9940-ba5f20e6ef97,TCGA-95-8039,step3-luad-part04-20260504,2,5.8796306,7.3821883
TCGA-95-A4VK-01Z-00-DX1.D09778E0-285E-4593-84C8-B6009DDF4E41,TCGA-95-A4VK,step3-luad-part04-20260504,1,-6.7771974,-12.652689
TCGA-95-A4VP-01Z-00-DX1.1B145AC0-2471-4974-BBB6-C88BDF0BE8BD,TCGA-95-A4VP,step3-luad-part04-20260504,1,-16.575323,-11.207975
TCGA-97-7547-01Z-00-DX1.3563966f-21ee-4405-9106-9e0bf8df9f1a,TCGA-97-7547,step3-luad-part04-20260504,2,5.289566,1.5765955
TCGA-97-7937-01Z-00-DX1.6db4b2ff-722c-4bb8-b12f-15f1a38b4ab1,TCGA-97-7937,step3-luad-part04-20260504,2,10.208177,-10.037
TCGA-97-7941-01Z-00-DX1.6845ef95-2231-44a2-aeae-004a117f1964,TCGA-97-7941,step3-luad-part04-20260504,2,13.564004,-9.469113
TCGA-97-8171-01Z-00-DX1.a55cbfd1-6674-4206-b3e0-2a4f12a74e5d,TCGA-97-8171,step3-luad-part04-20260504,2,6.172773,-4.327218
TCGA-97-8172-01Z-00-DX1.812ab977-692e-42f8-af57-7ce9084ab045,TCGA-97-8172,step3-luad-part04-20260504,2,11.746379,-10.389457
TCGA-97-8175-01Z-00-DX1.f7148cec-5e4b-46ac-b167-d41b36eb3ee5,TCGA-97-8175,step3-luad-part04-20260504,1,-4.6095176,-8.716998
TCGA-97-8177-01Z-00-DX1.4c2ddf48-40d3-4fa0-8b5f-0485e8270ac7,TCGA-97-8177,step3-luad-part04-20260504,2,10.919832,-8.083914
TCGA-97-8552-01Z-00-DX1.69631717-0E05-49C1-B112-15C2E36BC2F8,TCGA-97-8552,step3-luad-part04-20260504,2,8.516486,-10.970106
TCGA-97-A4M0-01Z-00-DX1.BDDFB04C-2475-485A-9A85-C4B9EB15155E,TCGA-97-A4M0,step3-luad-part04-20260504,2,21.44535,-0.73826885
TCGA-97-A4M2-01Z-00-DX1.5C72522C-1538-4D68-B517-5FB05A9D401A,TCGA-97-A4M2,step3-luad-part04-20260504,2,19.884798,-1.910346
TCGA-97-A4M3-01Z-00-DX1.16330A66-2501-48D2-AF6A-713698BF6918,TCGA-97-A4M3,step3-luad-part04-20260504,2,13.1259,-4.754168
TCGA-99-8025-01Z-00-DX1.76d4e012-91a7-4f1d-ba0f-4cecd812ec49,TCGA-99-8025,step3-luad-part04-20260504,1,-2.6409283,-3.1302993
TCGA-99-AA5R-01Z-00-DX1.4DE7FC30-D338-49CE-B8D9-EB0F34A3DD0B,TCGA-99-AA5R,step3-luad-part04-20260504,1,-2.71385,-11.908732
TCGA-J2-A4AD-01Z-00-DX1.C3C3B0C6-0666-4CCF-8422-345560B237DA,TCGA-J2-A4AD,step3-luad-part04-20260504,2,19.405462,-9.859478
TCGA-J2-A4AE-01Z-00-DX1.42C5DE4A-7787-4E59-8969-D12503262C96,TCGA-J2-A4AE,step3-luad-part04-20260504,2,26.287834,-7.1164107
TCGA-J2-A4AG-01Z-00-DX1.487780B8-18E7-494A-8054-5637239870EB,TCGA-J2-A4AG,step3-luad-part04-20260504,2,20.1163,-5.2100067
TCGA-L4-A4E5-01Z-00-DX1.C2A5EF71-1F40-4E34-AC30-58D7121C1338,TCGA-L4-A4E5,step3-luad-part04-20260504,1,-0.86857694,-12.035118
TCGA-L4-A4E6-01Z-00-DX1.1B537DE0-2CE3-4B90-9ED3-71F1F8747EE9,TCGA-L4-A4E6,step3-luad-part04-20260504,2,23.264343,-0.08754043
TCGA-L9-A444-01Z-00-DX1.88CF6F01-0C1F-4572-81E3-1A5790692861,TCGA-L9-A444,step3-luad-part04-20260504,2,22.752497,-6.1199985
TCGA-L9-A743-01Z-00-DX1.27ED2955-E8B5-4A3C-ADAA-82568ECCFB83,TCGA-L9-A743,step3-luad-part04-20260504,1,2.9597046,-12.791542
TCGA-L9-A7SV-01Z-00-DX1.153B8E2D-54CE-4747-A22E-7A6ADCA03DB5,TCGA-L9-A7SV,step3-luad-part04-20260504,1,-4.188786,-10.776759
TCGA-MN-A4N1-01Z-00-DX1.07CD10C3-73A7-47E5-AD45-45458CE33107,TCGA-MN-A4N1,step3-luad-part04-20260504,2,13.857287,-9.72878
TCGA-MP-A4SV-01Z-00-DX1.5430F2CF-BE4B-42D6-9CD4-92E6FB3F6E99,TCGA-MP-A4SV,step3-luad-part04-20260504,2,9.170232,-9.200787
TCGA-MP-A4SY-01Z-00-DX1.9535274F-C850-409E-80A1-B933B2F1A110,TCGA-MP-A4SY,step3-luad-part04-20260504,1,3.3706207,-12.603046
TCGA-MP-A4T2-01Z-00-DX1.ADE8B45C-26F3-465E-ADB6-2C36E6326974,TCGA-MP-A4T2,step3-luad-part04-20260504,2,13.398233,-7.3032823
TCGA-MP-A4T4-01Z-00-DX1.5F72FF0B-59C0-4E95-A8C1-BF22A948F7AC,TCGA-MP-A4T4,step3-luad-part04-20260504,1,1.2090744,-10.827458
TCGA-MP-A4T9-01Z-00-DX1.F7B341C4-EBCD-455F-BE90-3B77AC6B76EC,TCGA-MP-A4T9,step3-luad-part04-20260504,1,0.7018661,-8.064809
TCGA-MP-A4TC-01Z-00-DX1.C7DB4A7F-F6B8-4FA0-84C1-9B87D41C7749,TCGA-MP-A4TC,step3-luad-part04-20260504,2,13.640862,-7.5810094
TCGA-MP-A4TD-01Z-00-DX1.937DEBC9-F5D5-4682-AA9A-13D8226EE06C,TCGA-MP-A4TD,step3-luad-part04-20260504,1,-2.3888054,-9.838708
TCGA-MP-A4TE-01Z-00-DX1.B4680570-FD2E-47A5-8D50-A508CEB6A62C,TCGA-MP-A4TE,step3-luad-part04-20260504,1,-7.8529034,-10.104416
TCGA-MP-A4TF-01Z-00-DX1.F98B0438-6D32-4EA3-ABA8-E624457EA658,TCGA-MP-A4TF,step3-luad-part04-20260504,1,-4.2991376,-9.492141
TCGA-MP-A4TH-01Z-00-DX1.E89D2C19-F9B2-4BF2-AA5F-6104CBC076D1,TCGA-MP-A4TH,step3-luad-part04-20260504,2,8.014193,-10.361553
TCGA-MP-A4TJ-01Z-00-DX1.14EDBE5C-5D0C-4002-BE95-AF5C9D9F3D43,TCGA-MP-A4TJ,step3-luad-part04-20260504,2,1.004218,-6.1741953
TCGA-MP-A4TK-01Z-00-DX1.57494698-D9D9-4C04-AAB2-16616CCFDCC9,TCGA-MP-A4TK,step3-luad-part04-20260504,1,1.917594,-8.826497
TCGA-MP-A5C7-01Z-00-DX1.26E5FA5A-3E6D-4CD3-8FA2-F331B7012311,TCGA-MP-A5C7,step3-luad-part04-20260504,1,1.0465822,-9.723126
TCGA-NJ-A4YF-01Z-00-DX1.4A3DE76A-9F1E-4766-A013-5E7E3A665071,TCGA-NJ-A4YF,step3-luad-part04-20260504,2,15.179982,-13.556508
TCGA-NJ-A4YG-01Z-00-DX1.507BAE41-5EE9-4657-AAD1-AD456750BA2F,TCGA-NJ-A4YG,step3-luad-part04-20260504,1,-0.36931312,-8.851592
TCGA-NJ-A4YP-01Z-00-DX1.148BFF66-4DC7-468C-8783-97F27C2E1245,TCGA-NJ-A4YP,step3-luad-part04-20260504,1,-11.890404,-9.255774
TCGA-NJ-A55A-01Z-00-DX1.42C356FE-52A3-4A60-886B-75F84ADBC534,TCGA-NJ-A55A,step3-luad-part04-20260504,2,14.77767,-11.661538
TCGA-NJ-A55R-01Z-00-DX1.2E2B3642-4E1C-47DB-AF7B-988D586C0986,TCGA-NJ-A55R,step3-luad-part04-20260504,1,0.21923004,-10.289876
TCGA-O1-A52J-01Z-00-DX1.26F6ECCA-D614-4950-98E6-4D76E82F71B4,TCGA-O1-A52J,step3-luad-part04-20260504,2,13.059047,-6.676332
TCGA-S2-AA1A-01Z-00-DX1.4B5D5FAE-8305-4D2D-B245-584589352886,TCGA-S2-AA1A,step3-luad-part04-20260504,1,7.247469,-18.00089
