canonical_drug_id,pred_ensemble_mean,ensemble_member_std_mean,n_cell_drug_rows,m0_mean,m1_mean,m2_mean,m3_mean,m4_mean,m5_mean,top_model_vote_count,confidence_grade,rank_lihc_v2_directive,drug_name_norm,drug_name,drug_name_display
1378,-1.327688679133675,1.7820813822853512,14,-2.880485006741115,1.4192334464085954,-2.147621180330004,-2.9825133000101363,0.28635814200554577,-3.0711028405598233,6,C,1,bleomycin50um,Bleomycin (50 uM),Bleomycin (50 uM)
1812,-1.2144789779384932,1.6636258079881232,15,-2.6468700408935546,1.3718122939268749,-1.9279454946517944,-2.8754404067993162,0.24118207693099974,-2.759826588630676,6,C,2,bleomycin,Bleomycin,Bleomycin
1031,-0.9370832255948335,0.806055133463837,1,-0.7682561874389648,-0.012241941876709461,-2.1524088382720947,-1.660279393196106,-0.2012762427330017,-1.714235544204712,6,C,3,elesclomol,Elesclomol,Elesclomol
1819,-0.6791299312996367,0.9431129850353854,15,-0.12175929347674051,-0.10827583856880665,-1.1344212681055068,-0.929156227906545,-2.4364486853281657,0.04962906191746394,6,C,4,docetaxel,Docetaxel,Docetaxel
1007,-0.516980776992937,0.6992373177955643,15,-1.0809506222605705,-0.5331916376948357,0.4269033533831437,-0.3466837783654531,-0.5383602857589722,-1.1568830172220865,6,C,5,docetaxel,Docetaxel,Docetaxel
1016,-0.22129049896790332,0.6581452897244618,15,-0.3845352674523989,0.5339771771803499,0.2579796798527241,-0.9634630541006725,-0.971624847400623,-0.6898847028613091,6,C,6,temsirolimus,Temsirolimus,Temsirolimus
1080,-0.21714982951556644,0.5064634240793752,15,0.09712161719799042,-0.04133355679611365,-1.0244432588418324,-0.1374556558827559,-0.13866248379151028,-0.32806073625882465,6,B,7,paclitaxel,Paclitaxel,Paclitaxel
1191,0.49292088340967893,0.7694016421319161,15,0.5086894315977891,1.5478474537531535,0.3463715463876724,-0.9395851771036784,0.5237839927275976,-0.033546722928682965,6,C,8,bortezomib,Bortezomib,Bortezomib
1511,0.5443934209415068,0.7933384291228364,15,1.200343378384908,0.8156929328416784,0.4116113615532716,-0.07935158560673396,0.36543781583507856,-1.0256564731399218,6,C,9,epirubicin,Epirubicin,Epirubicin
1808,0.633496706413726,1.2269763336016297,15,2.1705926338831585,0.744714280962944,0.03411438837647438,-0.7968207001686096,0.9146618704001109,-1.5227631290753683,5,C,10,topotecan,Topotecan,Topotecan
1911,0.7101502795396372,0.636277378613945,15,1.1987277666727703,1.0522262479178608,-0.04893920918305715,0.16301266402006148,0.3924787014722824,1.4030349612236024,6,C,11,dactinomycin,Dactinomycin,Dactinomycin
1024,0.7617926563968261,0.5322489401581224,15,0.9782479703426361,1.0889369840423266,-0.04476286272207896,0.35334319770336153,1.3650247459610303,0.5966942548751831,5,B,12,lestaurtinib,Lestaurtinib,Lestaurtinib
1170,0.9883490496873857,0.49455634281405575,1,1.500993013381958,0.6421390771865845,0.8292062878608704,1.0283221006393433,0.39320921897888184,1.8361256122589111,4,B,13,cct018159,CCT-018159,CCT-018159
1862,1.0257088667775194,0.6237674361320243,15,1.5018781344095866,0.3519847037891547,0.666739026705424,1.2027233680089315,1.1394834438959758,2.195850070317586,3,C,14,mg132,MG-132,MG-132
1004,1.0630954697102841,0.6298980023080778,14,0.5575529815895217,1.9741286784410477,1.34368611233575,0.19953559006431273,1.0639204340321677,0.7357937502009528,5,C,15,vinblastine,Vinblastine,Vinblastine
1003,1.115972649673621,0.7665031461464938,15,1.1839155077934265,1.7738791227340698,1.635184141000112,-0.08825884560743967,0.9003142155706882,0.06239681740601857,4,C,16,camptothecin,Camptothecin,Camptothecin
1037,1.1508748158812523,0.4506985747039804,1,1.1368049383163452,1.442089557647705,1.7295430898666382,0.4229516088962555,0.6225119829177856,1.233078122138977,5,B,17,bx795,BX795,BX795
1088,1.1753120760420959,0.4237213142676976,15,1.0496767520904542,1.7080349763234457,0.8365707765022914,0.6403912206490835,1.5199186821778616,1.0869697829087575,5,B,18,irinotecan,Irinotecan,Irinotecan
1809,1.2019277685880663,0.3927268215146761,15,1.053940588235855,1.5749662299950917,0.7388265748818715,1.029527582724889,1.484538580973943,1.4421129862467448,5,B,19,teniposide,Teniposide,Teniposide
1039,1.2608564674854277,0.8257773609051865,1,0.9446534514427185,0.47417253255844116,1.0885295867919922,2.9061849117279053,1.2626780271530151,2.2275140285491943,3,C,20,sl0101,SL0101,SL0101
1026,1.2641354389699797,0.5474475898014908,15,1.1954724669456482,1.9871586084365844,0.7210424677779277,0.47585683117310207,1.684159807364146,1.207045817375183,4,C,21,tanespimycin,Tanespimycin,Tanespimycin
1810,1.3088061732289693,0.7647299306500271,15,1.9957950512568157,0.7996413229654232,1.1861189797520637,1.8682656506697337,0.013133028149604797,2.1081840356190997,3,C,22,mitoxantrone,Mitoxantrone,Mitoxantrone
1034,1.5214407435754935,0.7780662656943304,15,1.3022818485895793,1.3811016917228698,2.029591608047485,1.0451534112294516,2.716032282511393,0.3811233257253965,4,C,23,staurosporine,Staurosporine,Staurosporine
1096,1.5770846152305604,0.8803751817786347,1,2.1406009197235107,1.1113218069076538,2.1486337184906006,1.8629635572433472,-0.18348222970962524,2.356825590133667,2,C,24,tozasertib,Tozasertib,Tozasertib
1084,1.6226803891658783,0.9917325557374447,15,0.11965369780858358,2.36288556655248,1.9310230175654093,1.6260510524113974,3.1211137453715008,0.9221725463867188,2,C,25,rapamycin,Rapamycin,Rapamycin
1086,1.655757407233119,0.8303211527282238,15,1.1114316741625467,2.4840291023254393,1.6512019316355386,0.36539317717154823,2.7996149619420367,1.4237518787384034,3,C,26,bi2536,BI-2536,BI-2536
1617,1.6875195823510487,1.1156176567789962,15,-0.04915674726168315,3.000162450472514,1.4458058456579843,1.7776949405670166,3.1214150190353394,1.045951990286509,3,C,27,azd5582,AZD5582,AZD5582
1529,1.7186592387954394,0.7582442242531098,15,2.3029600620269775,1.764388499657313,1.6448354721069336,1.7353237390518188,0.16759225428104402,2.3631739457448324,2,C,28,pevonedistat,Pevonedistat,Pevonedistat
2048,1.7430936384797096,0.4249298459692117,15,1.9963520526885987,2.080246329307556,1.582466435432434,1.029046545426051,1.6603206475575765,1.6888214906056722,1,C,29,vinorelbine,Vinorelbine,Vinorelbine
1019,1.8793226240078609,0.5009869757514123,15,1.4316478967666626,2.5246623277664186,2.1537823994954426,1.1878521243731182,2.006482317050298,1.7524393876393636,1,C,30,bosutinib,Bosutinib,Bosutinib
1149,1.9037720037358148,0.6486169174110686,7,1.5974638972963606,2.4332412311009,1.042428093297141,1.91375960622515,2.9042175837925504,1.3885482464517866,2,C,31,tw37,TW 37,TW 37
1051,1.9755157811244328,0.4723983054483206,15,1.9315171559651694,2.3620824416478476,1.2673687895139059,2.519967865943909,1.7267825762430826,1.6909016410509745,1,C,32,alisertib,Alisertib,Alisertib
1239,2.0339960443576177,0.45118848579468257,15,2.026300589243571,1.9344244440396627,2.0753506342569987,2.7614822308222453,1.3966201027234395,1.8198071877161661,0,C,33,yk4279,YK-4-279,YK-4-279
1243,2.0685321009159088,0.2674674858033461,1,2.086815357208252,2.1316826343536377,2.426952362060547,1.5943785905838013,1.8859000205993652,2.2643485069274902,0,C,34,piperlongumine,Piperlongumine,Piperlongumine
1811,2.085120662053426,0.7872168929486982,15,1.3829971194267272,3.4298288186391193,1.0433568954467773,2.3226607839266458,1.9260032574335735,2.0837332804997764,1,C,35,dactinomycin,Dactinomycin,Dactinomycin
1059,2.1002559793912448,0.2889685008741694,13,2.1242552812282858,2.165797004332909,2.246357092490563,1.948071764065669,1.8142387844049013,2.2657130589851966,0,C,36,azd8055,AZD8055,AZD8055
1909,2.105012055675189,0.6937243707924594,15,1.1592043002446493,3.006047789255778,1.8529489954312643,2.199704639116923,2.7769861539204914,1.4250611623128255,2,C,37,venetoclax,Venetoclax,Venetoclax
1494,2.1130481797854106,0.3940632915843265,15,2.0772851943969726,2.3018003702163696,1.6634805997212727,2.257187342643738,2.02579550743103,2.563525406519572,0,C,38,sn38,SN-38,SN-38
1012,2.1423168822526932,0.5972059652230478,15,1.8548552592595418,2.575144648551941,2.38651450475057,1.1703188141187033,2.903981391588847,1.7513975063959757,1,C,39,vorinostat,Vorinostat,Vorinostat
1372,2.153467934091886,0.5576306058216246,15,1.7350431521733602,2.755886761347453,2.2150389115015665,1.3749115665753682,2.7908592303593953,1.883983302116394,0,C,40,trametinib,Trametinib,Trametinib
1054,2.170555019259453,0.40570318764193747,15,2.1006301720937093,2.1305761535962424,1.7159602562586467,2.742329144477844,2.4128973722457885,2.002385632197062,0,C,41,palbociclib,Palbociclib,Palbociclib
1008,2.1850938012344496,0.494832360455786,14,1.8048114350863866,2.5232707262039185,1.6263006457260676,2.544263558728354,2.836760401725769,1.7425228187016077,0,C,42,methotrexate,Methotrexate,Methotrexate
1091,2.1900268187522887,0.4349488986863598,15,2.1739242474238076,2.3015925725301107,1.7976685523986817,2.894066023826599,1.7470730622609456,2.029754813512166,0,C,43,bms536924,BMS-536924,BMS-536924
1093,2.2387169947226844,0.6690841286237218,15,1.5662750482559205,3.066873828570048,1.5045251568158469,2.3022507111231487,3.075458033879598,1.837798802057902,0,C,44,gsk1904529a,GSK1904529A,GSK1904529A
1079,2.2759941882292427,0.35269766014148407,15,2.316933266321818,2.6434775670369466,2.274371870358785,1.8525514443715414,1.985405731201172,2.2186142921447756,0,C,45,dasatinib,Dasatinib,Dasatinib
1058,2.2928358048995334,0.7652932795780567,15,1.2110819697380066,3.076733628908793,1.6316596349080403,3.2403692563374835,2.5226764996846516,2.578719981511434,1,C,46,pictilisib,Pictilisib,Pictilisib
1593,2.3123769845167796,0.4448734280629632,15,2.4013127088546753,2.158674883842468,2.3686850388844807,2.908673961957296,1.5775833566983541,2.4015422105789184,0,C,47,entinostat,Entinostat,Entinostat
1910,2.313153171113559,0.24864813476162562,14,2.098416132586343,2.5298713786261424,2.2112948213304793,2.4382512399128506,2.3001899123191833,2.3066783036504472,0,C,48,abt737,ABT737,ABT737
1816,2.3494910592238107,0.4973392746200341,15,2.7478152592976888,2.4784757534662885,2.0004435141881305,1.6161805073420206,2.8439445892969766,1.9857080300649008,0,C,49,fulvestrant,Fulvestrant,Fulvestrant
1849,2.368572322487831,0.749731451878859,15,1.3778562347094219,3.307953357696533,1.9644447485605876,2.376792621612549,3.3043334325154623,1.8354235331217448,0,C,50,sabutoclax,Sabutoclax,Sabutoclax
1908,2.3700165661176045,0.5151319498487987,15,2.0435464064280193,2.356637692451477,2.605508502324422,2.8880057334899902,2.095478258530299,2.3729307492574057,0,C,51,ulixertinib,Ulixertinib,Ulixertinib
1014,2.3880454848210015,0.42709774543343126,15,1.8252056280771891,2.4685705939928693,2.8536965529123943,2.3968005339304606,2.468971538543701,2.894605843226115,0,C,52,refametinib,Refametinib,Refametinib
1053,2.4028841725438834,0.6957277338325282,15,2.7573728879292805,2.019786500930786,2.925408299763997,2.7362610658009845,1.0388944634546837,2.9361403147379557,1,C,53,mk2206,MK-2206,MK-2206
1179,2.4138745490709943,0.4781551287196154,15,1.9753795782725017,2.998087255160014,2.718945328394572,1.7049185514450074,2.5624502340952557,2.41758873462677,0,C,54,mk1775,MK-1775,MK-1775
1845,2.4367734866937,0.4102440447042851,15,1.9844487190246582,2.51370362440745,2.23728879292806,3.075204833348592,2.572117058436076,2.699358900388082,0,C,55,schweinfurthina,Schweinfurthin A,Schweinfurthin A
1873,2.4495674340526263,0.9216175861355722,15,3.598238531748454,1.8323734680811563,2.9012346426645914,2.317313003540039,0.7337098583579064,2.7177068551381427,1,C,56,buparlisib,Buparlisib,Buparlisib
1502,2.4571105062961576,0.49426281450927984,1,2.784954309463501,1.6163009405136108,3.191286087036133,2.3914570808410645,2.3831021785736084,2.826453924179077,1,C,57,bicalutamide,Bicalutamide,Bicalutamide
1594,2.4794010518391927,0.35444636454341744,15,2.6811959743499756,2.4090907096862795,2.757774559656779,1.9158665974934896,2.50215167204539,2.5061585903167725,0,C,58,osi027,OSI-027,OSI-027
1085,2.481118369658788,0.4324787903451543,15,2.206478452682495,2.634779763221741,2.002751652399699,3.1451181888580324,2.710061796506246,2.222681514422099,0,C,59,sorafenib,Sorafenib,Sorafenib
1249,2.5957990478277204,0.5362850169416904,15,2.6342100779215496,2.829746882120768,2.413749345143636,3.232598304748535,1.6734197050333024,2.2295384804407754,0,C,60,bms345541,BMS-345541,BMS-345541
1006,2.602217889342989,0.33139213562649183,14,2.642816730907985,2.698043644428253,2.325284148965563,2.4184765986033847,2.925885502781187,2.630445667675563,0,C,61,cytarabine,Cytarabine,Cytarabine
1843,2.6030321695804597,0.701557748838636,15,2.705216105779012,2.1896987438201903,2.664461024602254,3.5390954494476317,1.575069111585617,3.4412078698476156,0,C,62,lmp744,LMP744,LMP744
2040,2.6044645024935407,0.33981218955106146,15,2.3407695293426514,2.802889609336853,2.230442746480306,3.015322184562683,2.73623731136322,2.645460764567057,0,C,63,foretinib,Foretinib,Foretinib
1192,2.6311122131347653,0.5940185795093447,1,2.5463132858276367,1.8444128036499023,3.3593835830688477,3.539567470550537,2.229569435119629,2.7308671474456787,0,C,64,gsk269962a,GSK269962A,GSK269962A
1032,2.6353694102764127,0.24984413461839322,15,2.686919164657593,2.49739556312561,2.8106327056884766,2.455076018969218,2.6940402507781984,2.8322822570800783,0,C,65,afatinib,Afatinib,Afatinib
2043,2.643514521400134,0.7462084001022818,15,2.9139267762502032,2.795471779505412,2.3532096703847247,3.282404653231303,1.137762501835823,3.120450671513875,1,C,66,bibr1532,BIBR-1532,BIBR-1532
1083,2.6582544652620954,0.5209118577603391,15,2.089644742012024,3.3308512846628826,2.9577586174011232,2.02216424147288,2.887342834472656,2.508428621292114,0,C,67,crizotinib,Crizotinib,Crizotinib
1917,2.6788693232536316,0.6115627737744227,15,1.9705622355143229,3.2651999394098916,2.4762794574101767,2.5753552118937173,3.617488384246826,2.142656397819519,0,C,68,azd6738,AZD6738,AZD6738
1049,2.700556623617808,0.40897362789216474,15,2.2386297225952148,3.1310410022735597,3.141876157124837,2.32769775390625,2.5859926382700604,2.742436933517456,0,C,69,pd173074,PD173074,PD173074
1060,2.723735080957413,0.5576087091627706,15,2.351191854476929,3.2703625122706095,2.0806564490000405,3.252561902999878,2.90288006067276,2.140083336830139,0,C,70,pd0325901,PD0325901,PD0325901
1022,2.7281044188340506,0.6317039407543346,15,2.0841947396596274,3.5064263502756754,2.9451483408610026,1.8860003391901652,3.349794340133667,2.414975945154826,0,C,71,azd7762,AZD7762,AZD7762
1042,2.733990897099177,0.4678324818643068,15,2.482275366783142,3.0263548851013184,2.1577702363332114,3.4196395556132,2.7798441489537558,2.3914193789164226,0,C,72,doramapimod,Doramapimod,Doramapimod
1563,2.753993698120117,0.3885545623949554,15,2.175490212440491,2.805244278907776,3.0353610515594482,3.179491392771403,2.8853718519210814,2.8271727561950684,0,C,73,epz5676,EPZ5676,EPZ5676
1581,2.781841563304265,0.44335909183185157,15,2.249823307991028,2.5588820139567057,3.07828467686971,3.4569756348927814,2.9109410524368284,3.1416261037190756,0,C,74,bromosporine,Bromosporine,Bromosporine
1561,2.789376062075297,0.38727603007692585,15,2.258754547437032,2.9089220921198526,2.7027279218037923,3.251290512084961,3.0666146834691363,3.0384302775065106,0,C,75,taselisib,Taselisib,Taselisib
1924,2.7911017068227135,0.3833310397870831,15,2.4050610780715944,2.977727707227071,3.0425159454345705,3.2047717571258545,2.4116117040316265,2.63446052869161,0,C,76,ipatasertib,Ipatasertib,Ipatasertib
1050,2.8207815598646797,0.3915024195715994,15,2.609276374181112,2.8872778336207072,3.0007218678792316,2.4514472007751467,3.4288431485493978,2.6223672072092694,0,C,77,zm447439,ZM447439,ZM447439
1817,2.832888216972351,0.6781535222291206,15,2.386349670092265,2.4746970891952516,3.2390483061472577,4.011208009719849,2.1876573959986367,3.379803768793742,0,C,78,romidepsin,Romidepsin,Romidepsin
2044,2.8341861297686894,0.6007542268691441,15,2.5516872882843016,2.001409184932709,3.5547188917795816,3.4710904280344645,3.047344207763672,3.4210821787516275,0,C,79,pyridostatin,Pyridostatin,Pyridostatin
2169,2.8443850564956663,1.3893141523833668,1,4.747447967529297,1.1033658981323242,3.3352108001708984,3.3566040992736816,0.8438791036605835,3.4989941120147705,2,C,80,azd6482,AZD6482,AZD6482
1916,2.8478839366436004,0.3710409568506809,15,2.5046226183573403,3.104261628786723,2.7212161382039386,2.9021166642506917,3.3295589288075766,2.4698593378067017,0,C,81,azd5363,AZD5363,AZD5363
1013,2.8881572925249737,0.3248264713741183,15,2.822042719523112,2.896770779291789,3.3476412455240885,2.490322160720825,2.9784024238586424,2.6399715185165404,0,C,82,nilotinib,Nilotinib,Nilotinib
1052,2.931713820377986,0.44156864342757834,15,2.4034908612569175,3.3234497706095376,3.3522815545399984,2.441997011502584,3.2382166067759197,2.9200875600179037,0,C,83,ro3306,RO-3306,RO-3306
1925,2.937168191591899,0.6405669588254821,15,2.52464013894399,3.42458168665568,2.4143850406010947,3.654487641652425,2.240717959403992,3.705966281890869,0,C,84,gdc0810,GDC0810,GDC0810
2175,2.945216846466064,1.0927270295087175,1,4.380775451660156,2.0243539810180664,3.2250351905822754,3.187131404876709,0.9533202648162842,3.3868393898010254,1,C,85,chir99021,CHIR-99021,CHIR-99021
1011,2.9470208270549776,0.5982693657226051,15,2.151267409324646,3.6966647148132323,2.558604097366333,3.105941168467204,3.6114329655965167,2.51353280544281,0,C,86,navitoclax,Navitoclax,Navitoclax
1940,2.9645608898798628,0.37915530337011205,15,2.3395423412323,3.3446384191513063,3.0872697671254477,3.112996395428975,3.0950536886850992,3.005398956934611,0,C,87,wiki4,WIKI4,WIKI4
1631,2.9681051851014297,0.7651297769182148,15,2.838427193959554,2.8593180974324546,3.25416259765625,3.807130718231201,1.6474576465785504,3.6949449221293134,0,C,88,prt062607,PRT062607,PRT062607
2172,2.9845319961706798,0.38741551869097196,15,3.130998722712199,2.4296483198801675,3.269587008158366,3.2754616022109984,3.185194746653239,2.749963903427124,0,C,89,jq1,JQ1,JQ1
1401,2.984727905591329,0.3411536697595452,15,2.9189515431722004,3.123527940114339,3.4051338036855063,2.5686248620351155,2.770198114713033,2.9586297512054442,0,C,90,azd5438,AZD5438,AZD5438
1449,2.9914109066327415,0.43981948055755704,15,2.6657261848449707,2.710689401626587,3.553886906305949,3.234295352300008,2.8350725332895914,3.6298871517181395,0,C,91,azd1208,AZD1208,AZD1208
1827,3.0039573199748997,0.5799546575624241,15,3.0157411416371662,2.6159643570582074,2.8531915664672853,3.8198649247487384,2.5290087540944417,3.9087931632995607,0,C,92,dihydrorotenone,Dihydrorotenone,Dihydrorotenone
1200,3.008890173037847,0.5900088539677552,15,2.1817955096562702,3.5491586049397785,2.6552683194478353,3.2412198702494304,3.8383089224497478,2.966266314188639,0,C,93,fulvestrant,Fulvestrant,Fulvestrant
1194,3.009313263893127,0.43317023930882503,1,2.8646554946899414,2.7083210945129395,3.179178237915039,3.909987449645996,2.5873494148254395,2.9771461486816406,0,C,94,sb505124,SB505124,SB505124
1706,3.018436014731725,0.7246758934742189,15,2.6133819103240965,2.6401274760564166,3.543081855773926,4.144547414779663,2.165013825893402,3.6875163555145263,0,C,95,azd5153,AZD5153,AZD5153
1720,3.0304571170806884,0.38932967764367615,15,2.42389186223348,3.3434236526489256,2.9451753457387286,3.3765973885854086,3.360116656621297,2.9707470417022703,0,C,96,azd5991,AZD5991,AZD5991
1825,3.0786436703999835,0.338618976963649,15,2.62485671043396,3.316405010223389,3.152539126078288,3.352560122807821,3.103264021873474,3.035348129272461,0,C,97,podophyllotoxinbromide,Podophyllotoxin bromide,Podophyllotoxin bromide
1557,3.0912936708132426,0.30305115018562717,15,3.24692333539327,2.7276509920756022,3.2920251210530598,3.4089325269063315,2.8996596256891887,2.9784464041392007,0,C,98,lcl161,LCL161,LCL161
1237,3.0914742655754086,0.4081584880947213,15,2.810039520263672,2.802969773610433,3.377140744527181,3.7917030811309815,3.020030641555786,3.049147939682007,0,C,99,epz004777,EPZ004777,EPZ004777
1029,3.105945249160131,0.5577408652562652,15,3.13378324508667,2.745156677563985,3.1874587059021,4.1458546161651615,2.5025317589441936,2.8693380832672117,0,C,100,motesanib,Motesanib,Motesanib
1009,3.108100969791413,0.3198218081109665,1,2.7960662841796875,3.306654214859009,3.635476589202881,2.678184986114502,3.076159954071045,3.225381374359131,0,C,101,tretinoin,Tretinoin,Tretinoin
1778,3.1244847741921746,0.46856562828896353,15,2.7506385326385496,3.124622877438863,3.359577178955078,3.75951886177063,2.6101245005925495,3.456642198562622,0,C,102,gsk2110183b,GSK2110183B,GSK2110183B
1564,3.1293112338383993,0.5313919698404492,15,2.719339450200399,3.710131057103475,2.9116644223531085,2.9307220458984373,3.7200435797373452,2.349118645985921,0,C,103,sch772984,SCH772984,SCH772984
1190,3.139540819168091,0.4641807364130818,15,2.870969708760579,3.6007320086161294,2.5580413341522217,3.447579193115234,3.398421637217204,2.6966814597447715,0,C,104,gemcitabine,Gemcitabine,Gemcitabine
1069,3.147639538764954,0.3866286100828897,15,2.8933281580607098,3.4009743054707844,2.978199291229248,3.428798135121663,3.335779388745626,2.5526132742563883,0,C,105,eht1864,EHT-1864,EHT-1864
1129,3.1552961373329165,0.45782747740533636,1,3.3289988040924072,2.5924081802368164,2.8836982250213623,3.9787323474884033,3.0942749977111816,3.6098806858062744,0,C,106,pf4708671,PF-4708671,PF-4708671
1786,3.1577536221345266,0.45376016123246415,15,2.5799997329711912,3.2249233961105346,3.1954854170481366,3.530598592758179,3.8327273527781167,2.8962207953135173,0,C,107,azd4547,AZD4547,AZD4547
1559,3.1705094569524133,0.324210131528688,15,2.7815481185913087,3.136775000890096,3.3015803337097167,3.6031571865081786,3.3995054244995115,3.0207631905873615,0,C,108,luminespib,Luminespib,Luminespib
1919,3.17752174671491,0.28618059791424755,15,3.118746821085612,2.9712873061498004,2.9849048773447673,3.53771177927653,3.472257407506307,3.3375288327534993,0,C,109,osimertinib,Osimertinib,Osimertinib
1941,3.182959467808406,0.36709745575919533,15,2.742368523279826,3.3426865498224894,3.2840307394663495,3.618932278951009,3.0907328367233275,3.161378192901611,0,C,110,sepantroniumbromide,Sepantronium bromide,Sepantronium bromide
1373,3.2009828708171844,0.3714036622747069,15,3.5161284605662027,2.83604150613149,3.4992236614227297,3.3889952818552653,2.856297008196513,2.7827903906504314,0,C,111,dabrafenib,Dabrafenib,Dabrafenib
2010,3.202167818886893,0.3695210008401734,14,2.6789226021085466,3.2068839924676076,3.50637458051954,3.6340656110218594,3.3608244827815463,3.1037285327911377,0,C,112,hkmti1005,HKMTI-1-005,HKMTI-1-005
1799,3.2363653117815656,0.3531954137713378,15,3.2960179646809897,3.147807820638021,3.3521134853363037,3.5209122975667317,2.6389580011367797,3.512296136220296,0,C,113,ibrutinib,Ibrutinib,Ibrutinib
1017,3.239922657966614,0.22873543863207338,15,3.2099608103434245,3.181682236989339,3.532783269882202,3.180962832768758,3.0239124139149984,3.357080427805583,0,C,114,olaparib,Olaparib,Olaparib
1922,3.244096104303996,0.6677107029744972,15,3.4462789058685304,2.3936133861541746,3.51806648572286,4.206164598464966,2.6425341924031573,3.967048931121826,0,C,115,cediranib,Cediranib,Cediranib
1558,3.2446969208717347,0.4702963239533417,15,2.7815529505411782,3.66402112642924,2.8783128102620443,3.5555470466613768,3.7271461486816406,2.723343817392985,0,C,116,lapatinib,Lapatinib,Lapatinib
1618,3.248115206559499,0.4163154992431151,15,2.6450015862782794,3.3848864714304607,3.1636428038279214,3.727553717295329,3.601009734471639,3.5261614958445233,0,C,117,gsk2606414,GSK2606414,GSK2606414
1510,3.248201508283615,0.3877427986344358,15,3.376398722330729,2.91353493531545,3.6349903106689454,3.5217438062032063,2.6990328550338747,3.427070458730062,0,C,118,linsitinib,Linsitinib,Linsitinib
1021,3.273844292163849,0.4684145722673318,15,2.675303824742635,3.7953543345133465,3.702300214767456,2.789722967147827,3.4707234223683674,3.1973910013834637,0,C,119,axitinib,Axitinib,Axitinib
2177,3.278892860809962,0.34406078566009785,15,2.9367632706960043,3.112001919746399,3.678575865427653,3.5877828280131023,3.3352176109949747,3.3825021425882977,0,C,120,sgc0946,SGC0946,SGC0946
2174,3.283819627761841,0.3817700707522492,1,3.5718131065368652,2.5994842052459717,3.5002963542938232,3.7902932167053223,3.242949962615967,3.137449026107788,0,C,121,iox2,IOX2,IOX2
1441,3.2914352661768596,0.5513181646721766,15,2.7478171507517497,4.159669478734334,2.695127280553182,3.5146202564239504,3.2764646689097088,3.100386206309001,0,C,122,azd2014,AZD2014,AZD2014
2037,3.2987896282332287,0.20255514974148742,14,3.2471828630992343,3.4819118806294034,3.107484596116202,3.2553572484425137,3.4772721188408986,3.0444553239004954,0,C,123,gsk343,GSK343,GSK343
1010,3.3250373357137044,0.40187982532071087,15,3.016325855255127,3.9038111368815103,3.440495999654134,2.9690393447875976,3.1404645522435506,3.1317853291829425,0,C,124,gefitinib,Gefitinib,Gefitinib
1061,3.3305863447189332,0.45851514212802474,15,2.754108015696208,3.736331049601237,3.6309796651204427,2.929721800486247,3.760093371073405,3.3340093453725177,0,C,125,sb590885,SB590885,SB590885
1038,3.341908790588379,0.4885795207758658,15,2.9767306009928385,3.5406589984893797,2.950042740503947,4.1176344871521,3.5024217128753663,2.8853057702382405,0,C,126,nu7441,NU7441,NU7441
2011,3.350190554686955,0.41657863851186683,14,2.743034141404288,3.785654136112758,3.2936358792441234,3.5114505120686124,3.77828357900892,2.9664796590805054,0,C,127,iclsirt078,ICL-SIRT078,ICL-SIRT078
1576,3.3507418243090314,0.5461356846022891,15,2.763878647486369,3.295749632517497,3.6332266966501874,4.250964244206746,2.9488508701324463,3.777991247177124,0,C,128,iwp2,IWP-2,IWP-2
1830,3.352653670310974,0.4277092195335052,15,2.600597365697225,3.559390068054199,3.5459075768788657,3.5965205828348794,3.888667074839274,3.395573123296102,0,C,129,gallibiscoquinazole,Gallibiscoquinazole,Gallibiscoquinazole
1614,3.3667342522939046,0.5025446278414459,15,2.507258939743042,3.5536710739135744,3.6331313292185468,3.708876355489095,3.8029118220011395,3.6864758491516114,0,C,130,wz4003,WZ4003,WZ4003
1624,3.3767806278864545,0.43429042507059434,15,2.677395820617676,3.749890851974487,3.416711171468099,3.4439690430959065,3.856991767883301,3.49472819964091,0,C,131,ibet762,I-BET-762,I-BET-762
1926,3.377789054393768,0.3718120934438398,15,2.8453474044799805,3.643753258387248,3.252489439646403,3.8094023704528808,3.5652333736419677,3.3892053922017413,0,C,132,gne317,GNE-317,GNE-317
2171,3.3793127822478612,0.9841889869142467,15,3.8452850500742595,2.4291792432467143,4.005616569519043,4.456469790140788,1.790417069196701,4.107022921244304,0,C,133,bms754807,BMS-754807,BMS-754807
1918,3.3953410522143046,0.2545046832201113,15,3.4230642477671305,3.3869237263997394,3.2534824212392173,3.617253573735555,3.1486513058344525,3.6554309050242106,0,C,134,azd8186,AZD8186,AZD8186
1632,3.4050837057431536,0.4023913510052763,15,2.906400458017985,3.5318599700927735,3.256042226155599,3.839346424738566,3.9504372755686443,3.200616391499837,0,C,135,ribociclib,Ribociclib,Ribociclib
1199,3.4116713331540423,0.9735653953758343,15,3.7191885789235433,2.783879597981771,4.44261892636617,4.103266684214274,1.565667712688446,3.788149054845174,0,C,136,tamoxifen,Tamoxifen,Tamoxifen
1997,3.413499602794647,0.5163844041595123,15,2.5600332260131835,3.6804031054178874,3.796734015146891,4.057619396845499,3.3352370897928876,3.3179062843322753,0,C,137,wehi539,WEHI-539,WEHI-539
1023,3.41677711502711,0.34878095243552276,15,3.022653834025065,3.6753681977589925,3.321830733617147,3.320229705174764,3.9774325688680015,3.370566972096761,0,C,138,gw441756,GW441756,GW441756
1625,3.4170075537363687,0.4152203428869225,15,2.7690749009450277,3.7990214347839357,3.4536120096842446,3.7637200514475504,3.612710158030192,3.1631033579508463,0,C,139,rvx208,RVX-208,RVX-208
1030,3.4243152443567912,0.4275206776838775,15,2.9471134662628176,3.8254303137461343,3.8928582668304443,2.9696200529734296,3.5071111996968587,3.384950701395671,0,C,140,ku55933,KU-55933,KU-55933
1047,3.42552828057607,0.5741088795094774,15,3.1109454313913982,4.021910190582275,3.119436009724935,3.322690471013387,3.9067378203074137,2.4133024056752523,0,C,141,nutlin3a,Nutlin-3a (-),Nutlin-3a (-)
2046,3.4573661767641704,0.38422955806529024,15,3.1956299940745034,3.789602438608805,3.3919965902964275,3.8318737824757894,3.0755521217981974,3.1761887709299725,0,C,142,mk8776,MK-8776,MK-8776
1168,3.461148827870687,0.4012135685890275,15,3.013439496358236,3.74400102297465,3.92027374903361,3.0184901078542072,3.642264795303345,3.5916144847869873,0,C,143,erlotinib,Erlotinib,Erlotinib
1549,3.470088608264923,0.4983136019858726,15,2.622334623336792,3.8064534664154053,3.897349977493286,3.712224769592285,3.4549265146255492,3.8152865409851073,0,C,144,sapitinib,Sapitinib,Sapitinib
1560,3.471248326142629,0.566958529911521,15,4.081564235687256,2.8444197813669843,3.936870988210042,3.6972288767496746,2.5931701978047688,3.4119916439056395,0,C,145,alpelisib,Alpelisib,Alpelisib
1553,3.5078792149225873,0.5177119926301732,15,2.982716703414917,3.781645933787028,3.470619964599609,3.8325637658437093,3.7692752917607626,3.3264260292053223,0,C,146,uprosertib,Uprosertib,Uprosertib
2096,3.512617224931717,0.25403681100150094,15,3.571043872833252,3.649271909395854,3.4365127722422284,3.5417092005411783,3.1748860041300455,3.518140125274658,0,C,147,vx11e,VX-11e,VX-11e
1626,3.513707204500834,0.37075550976101923,15,3.6200743039449055,3.355859390894572,3.950303252538045,3.4384589831034345,3.316909670829773,3.0729036649068195,0,C,148,otx015,OTX015,OTX015
1736,3.5160964092413582,0.38813818334904887,15,3.693305269877116,3.0334307750066123,3.918260939915975,3.757093095779419,3.1477176109949747,3.783632675806681,0,C,149,selumetinib,Selumetinib,Selumetinib
1072,3.5359522992769876,0.4929852259848781,15,2.7537397543589273,3.6114073594411216,4.091402943929037,3.813959805170695,3.6361053387324014,4.0116734822591145,0,C,150,avagacestat,Avagacestat,Avagacestat
1835,3.550369561672211,0.39235449391229316,15,3.0723408699035644,3.6508124510447186,3.72870241800944,4.1516234397888185,3.252486499150594,3.7109987417856853,0,C,151,elephantin,Elephantin,Elephantin
1259,3.5532436331907906,0.42604658729532924,15,3.505079905192057,3.229011638959249,3.247219928105672,3.8939688364664713,4.307846260070801,3.6109413782755535,0,C,152,talazoparib,Talazoparib,Talazoparib
1598,3.569427922884623,0.3657891519235147,15,3.0641528288523356,3.657208251953125,3.581364154815674,4.060199880599976,3.8330288251241047,3.5210384209950765,0,C,153,lgk974,LGK974,LGK974
2109,3.570092928568522,0.5165781024656045,15,2.788866901397705,4.038681173324585,3.5442739804585774,3.650476026535034,4.259754149119059,3.3656238555908202,0,C,154,az6102,AZ6102,AZ6102
1043,3.5728519285519917,0.5395827189495183,15,2.8912636756896974,3.5279717604319254,4.325631984074911,3.8780184586842856,3.339172061284383,4.171370267868042,0,C,155,jnkinhibitorviii,JNK Inhibitor VIII,JNK Inhibitor VIII
1936,3.5887033308347065,0.40312431347389427,15,2.948115905125936,4.036330842971802,3.5139353275299072,3.9451513926188153,3.6913838068644207,3.508064540227254,0,C,156,savolitinib,Savolitinib,Savolitinib
1928,3.5906368083953857,0.5294966462687931,15,2.8048901557922363,4.1513838291168215,3.3453070163726806,3.959049924214681,4.088826402028402,3.305824375152588,0,C,157,ibrd9,I-BRD9,I-BRD9
2047,3.5920097121170587,0.30814339288790815,14,3.5375029359545027,3.51360707623618,3.497581720352173,3.8570144857679094,3.494692180837904,3.9454680340630666,0,C,158,ulixertinib,Ulixertinib,Ulixertinib
1853,3.6009974695841476,0.5772791816165975,15,2.8161752065022787,4.384115266799927,3.3503195444742837,3.5332640171051026,4.212256558736166,3.2651689847310386,0,C,159,of1,OF-1,OF-1
1613,3.605515934944153,0.34866957752354694,15,3.4231028238932293,3.935253302256266,3.424623473485311,3.4666313330332437,3.9697062969207764,3.1230242888132733,0,C,160,ve822,VE-822,VE-822
2055,3.607677950177874,0.6573284042811908,14,4.5560587133680075,3.60784421648298,2.9518420696258545,2.850386006491525,3.8674187660217285,2.887348549706595,0,C,161,mycophenolicacid,Mycophenolic acid,Mycophenolic acid
1133,3.6172512180010474,0.5151519095593188,15,3.2384339809417724,3.8644620100657145,3.1480007648468016,4.318254534403483,3.965377616882324,3.0463932673136394,0,C,162,serdemetan,Serdemetan,Serdemetan
1582,3.6175099093119303,0.4359533069628074,15,2.9587457021077475,3.95735878944397,3.568107573191325,3.9316089153289795,4.050820287068685,3.4344287872314454,0,C,163,sgccbp30,SGC-CBP30,SGC-CBP30
1068,3.6382345485687253,0.5336497275650094,15,2.934359137217204,4.064692544937134,3.353410069147746,4.182191626230876,4.140808471043905,3.236102596918742,0,C,164,obatoclaxmesylate,Obatoclax Mesylate,Obatoclax Mesylate
2106,3.6423668534415112,0.4209781844451665,14,3.4270233597074236,3.523669055530003,4.113601514271328,3.810272659574236,3.605781546660832,3.3524467945098877,0,C,165,uprosertib,Uprosertib,Uprosertib
1629,3.654506959279378,0.4011426659167203,15,3.130274947484334,3.8711308161417644,3.5285045782725017,4.088387902577718,4.026390075683594,3.4647457599639893,0,C,166,ml323,ML323,ML323
1939,3.660822398492268,0.4168815570901206,14,3.194587928908212,3.4354407446725026,4.180082968303135,4.197597673961094,3.6319188560758318,3.787186861038208,0,C,167,umi77,UMI-77,UMI-77
1831,3.688674127737681,0.3777290361503837,15,3.4784199873606365,3.450888999303182,3.750113280614217,4.396343135833741,3.655535427729289,3.6785316944122313,0,C,168,loxonoreleagnine,L-Oxonoreleagnine,L-Oxonoreleagnine
1852,3.702651836156845,0.5018311986570831,15,3.0953030904134113,3.3707624673843384,4.215217097600301,4.395764191945394,3.994048563639323,3.848301394780477,0,C,169,ly2109761,LY2109761,LY2109761
2107,3.7275514634450277,0.2957635386388284,15,3.6631929874420166,3.734487613042196,4.096886777877808,3.764209286371867,3.3497084299723308,3.58440260887146,0,C,170,lji308,LJI308,LJI308
1025,3.7306731513341265,0.6637627732658536,15,3.058614985148112,4.404165490468343,3.8056557337443033,2.9721484184265137,4.710496600468954,3.448911714553833,0,C,171,sb216763,SB216763,SB216763
1912,3.7341467321713764,0.4351338668109674,15,3.199657853444417,3.8167000293731688,3.8211652278900146,3.999387280146281,4.186852200826009,3.8021469434102375,0,C,172,afuresertib,Afuresertib,Afuresertib
1463,3.7448935681978863,0.46300200760766225,15,3.0266849199930825,4.274404795964559,3.553577693303426,4.147108062108358,4.001945908864339,3.553553549448649,0,C,173,azd1332,AZD1332,AZD1332
1062,3.745606719493866,0.5265790783123097,15,2.9528609116872153,3.8605644861857096,4.1348809719085695,3.806930748621623,4.311890204747518,4.18090279897054,0,C,174,selumetinib,Selumetinib,Selumetinib
1838,3.7816240290006005,0.5392477977513924,15,3.125419044494629,3.9753400643666583,3.599511909484863,4.009442901611328,4.7911209265391035,3.636104679107666,0,C,175,sinularin,Sinularin,Sinularin
2154,3.7817301176275526,0.5361475860516608,14,4.085388609341213,3.1455760513033186,4.339757016726902,4.262050185884748,3.051105414118086,3.8465013674327304,0,C,176,gsklsd12hcl,GSK-LSD1-2HCl,GSK-LSD1-2HCl
2110,3.8012416642506914,0.3483877915456271,15,3.5421031951904296,3.910252602895101,3.808437395095825,3.894581429163615,4.2355504353841145,3.304418182373047,0,C,177,gsk591,GSK591,GSK591
2045,3.803566120147705,0.33888578897162297,15,4.043567705154419,3.452723677953084,3.537500794728597,4.148775323232015,3.737428824106852,4.288506364822387,0,C,178,amg319,AMG-319,AMG-319
1913,3.8068209044138595,0.3365915684215462,15,4.2237626075744625,3.5034501711527506,4.013981914520263,3.7680511474609375,3.357884947458903,3.7414486408233643,0,C,179,agi5198,AGI-5198,AGI-5198
1033,3.8234162096977236,0.5438184659975042,15,2.9628963152567547,3.8004920959472654,4.551505963007609,4.034272225697835,4.207343228658041,4.146517864863077,0,C,180,vismodegib,Vismodegib,Vismodegib
1996,3.8326812159349877,0.8947654290770639,14,4.250256163733346,3.740510514804295,3.9248715128217424,4.387327143124172,1.9450957868913454,4.60418038708823,0,C,181,mim1,MIM1,MIM1
1018,3.8366130666732787,0.521215088805397,15,3.5207620302836102,3.7249453544616697,3.6413513819376626,4.53954127629598,4.447658602396647,3.1917710304260254,0,C,182,veliparib,Veliparib,Veliparib
1630,3.85387357266744,0.2279708200388845,15,3.9485097408294676,3.7025656859079996,4.049468119939168,3.8180214087168376,3.8284744739532472,3.67624979019165,0,C,183,entospletinib,Entospletinib,Entospletinib
1580,3.862026885906855,0.8056092226136848,15,4.734212557474772,2.9609875122706097,4.521684519449869,4.113997316360473,2.576967970530192,4.053412437438965,0,C,184,gsk2801,GSK2801,GSK2801
1615,3.8727530336380003,0.4263688430990958,15,3.223538573582967,4.067763964335124,3.805104875564575,4.222406037648519,4.421414470672607,3.985482136408488,0,C,185,czc24832,CZC24832,CZC24832
1927,3.8933126792907715,0.3815784063551157,15,3.35398325920105,4.125015417734782,3.8471697012583417,4.296770222981771,4.137906948725383,3.8079965591430662,0,C,186,gsk2578215a,GSK2578215A,GSK2578215A
1057,3.9046494835217795,0.4890681527909083,15,3.4135586261749267,3.9737113793691,3.73046555519104,4.744072882334391,4.099203523000082,3.668958044052124,0,C,187,dactolisib,Dactolisib,Dactolisib
2159,3.9100697030339924,0.47041668669961617,14,3.7554511853626797,3.5068753957748413,4.785822749137878,4.17280341897692,3.5290347167423795,3.8582251923424855,0,C,188,unc0379,UNC0379,UNC0379
2038,3.91900044642962,0.31010087997150576,13,3.970557689666748,3.9070559648367076,3.8206419944763184,3.69021777006296,4.431711600377009,3.5791639364682712,0,C,189,unc0638,UNC0638,UNC0638
1180,3.930301393032074,0.47684246899838195,15,3.5998430411020914,4.144790935516357,3.63209973971049,3.94586402575175,4.778355058034261,3.523395538330078,0,C,190,dinaciclib,Dinaciclib,Dinaciclib
1067,3.9462246022224425,0.4158089937177657,15,3.411711645126343,4.010476112365723,4.058422660827636,3.9394203503926595,4.621738465627034,4.253735701243083,0,C,191,cct007093,CCT007093,CCT007093
1177,3.9484777801831563,0.461679863743405,15,3.236405865351359,4.064925177892049,4.237764660517374,3.9912413597106933,4.560687414805094,4.279272222518921,0,C,192,niraparib,Niraparib,Niraparib
2158,4.005127059732165,0.3604725894267486,14,3.3280097416469028,4.179394670895168,4.248410139765058,4.273913145065308,4.283974323953901,4.181372370038714,0,C,193,cpi637,CPI-637,CPI-637
1915,4.021333313306173,0.6110065612866419,15,3.464575242996216,3.6786561012268066,5.157430140177409,4.34995665550232,3.7235655625661215,4.324016459782919,0,C,194,azd3759,AZD3759,AZD3759
1813,4.072415410677592,0.4725288378455258,15,4.21890074412028,4.192584133148193,3.703501033782959,3.582300059000651,4.849626922607422,3.677479600906372,0,C,195,fludarabine,Fludarabine,Fludarabine
1583,4.072474699656168,0.7279268143110317,15,4.13237369855245,3.673327906926473,3.6586000442504885,4.895967451731364,3.631207307179769,5.482454935709636,0,C,196,gsklsd1,GSK-LSD1,GSK-LSD1
1250,4.076431784629822,0.4852376037761463,15,3.363801590601603,4.44299890200297,3.94555180867513,4.42535727818807,4.669493659337362,3.8307503859202066,0,C,197,az960,AZ960,AZ960
1620,4.09571537621816,0.4910360011442396,15,3.3974568208058673,4.509616676966349,3.8776323000590005,4.4070408821105955,4.738952128092448,3.833652051289876,0,C,198,pfi3,PFI3,PFI3
1932,4.106304436365764,0.274428265303594,15,4.424484554926554,3.9563755353291827,4.1477920850118,3.9563637256622313,4.0263486703236895,3.822472667694092,0,C,199,nvpadw742,NVP-ADW742,NVP-ADW742
1634,4.112213308970134,0.45266161692602674,15,4.443028322855631,4.1556479930877686,4.419223785400391,3.6857725302378337,3.831010421117147,3.3114842732747394,0,C,200,agi6780,AGI-6780,AGI-6780
1036,4.117236435731252,0.38854947028621045,15,3.9198957284291587,4.080859661102295,4.586335563659668,3.859983762105306,4.429886356989543,3.779776922861735,0,C,201,plx4720,PLX-4720,PLX-4720
1248,4.129698861539364,0.3820430284341701,8,3.65140762925148,4.236619591712952,4.058115124702454,4.744796395301819,4.278868407011032,4.043813616037369,0,C,202,daporinad,Daporinad,Daporinad
1175,4.1354003343582155,0.23698680672378153,15,3.848272959391276,4.197798490524292,4.233254591623942,4.199173370997111,4.397813161214192,4.110260105133056,0,C,203,rucaparib,Rucaparib,Rucaparib
1048,4.156123553593954,0.5896101029045078,15,3.7356644948323567,4.040494696299235,4.001549021402995,4.817714564005533,5.013127040863037,3.459799877802531,0,C,204,mirin,Mirin,Mirin
1930,4.163678891817729,0.2911155750470233,15,4.362954743703207,3.868152157465617,4.358992560704549,3.966007200876872,4.393569548924764,4.045733420054118,0,C,205,telomeraseinhibitorix,Telomerase Inhibitor IX,Telomerase Inhibitor IX
1046,4.176521953741709,0.3976772099394144,15,4.186325216293335,4.230567741394043,3.87632630666097,4.072987365722656,4.799780480066935,3.7733579953511556,0,C,206,wee1inhibitor,Wee1 Inhibitor,Wee1 Inhibitor
2039,4.248306741396586,0.4377145014142276,15,4.839480050404867,3.6396838665008544,4.564793459574381,4.127532688776652,3.956373413403829,4.310102685292562,0,C,207,agk2,AGK2,AGK2
1578,4.25280061006546,0.5942699966489936,15,4.478463093439738,3.6053171157836914,4.786354796091715,4.894434134165446,3.3861229260762533,4.6279228528340655,0,C,208,leflunomide,Leflunomide,Leflunomide
1802,4.275582063674927,0.37500489866333225,15,3.7800340334574383,4.742035086949667,4.260080242156983,4.523721202214559,4.111270316441854,4.1490087350209555,0,C,209,zoledronate,Zoledronate,Zoledronate
1627,4.302002989451091,0.747398966518181,15,2.8820691744486493,4.760942888259888,5.0554736137390135,4.601382398605347,4.816255553563436,4.394357220331828,0,C,210,gsk343,GSK343,GSK343
1005,4.306097322191511,1.0746621578595108,14,3.191914439201355,5.587487288883755,4.1956650188991,3.157822455678667,5.832278047289167,3.7406183821814403,0,C,211,cisplatin,Cisplatin,Cisplatin
1020,4.316090899149577,0.23133564891206237,15,4.1745250701904295,4.18080883026123,4.593486150105794,4.375997161865234,4.412580998738607,4.3409247398376465,0,C,212,lenalidomide,Lenalidomide,Lenalidomide
2111,4.332409390926361,0.23203460090684128,15,4.52807723681132,4.333560673395793,4.230184777577718,4.2474778970082605,4.090724102656046,4.4976654052734375,0,C,213,ve821,VE821,VE821
1512,4.3363914564450585,0.62916130368338,15,3.860264190038045,4.814667129516602,4.371228313446045,3.5646592458089192,5.380158456166585,4.070531860987345,0,C,214,cyclophosphamide,Cyclophosphamide,Cyclophosphamide
1375,4.344171058336894,0.4579517382176057,15,4.1003937244415285,4.2351315975189205,4.209818967183431,5.078171952565511,4.634404643376668,3.779435888926188,0,C,215,temozolomide,Temozolomide,Temozolomide
1621,4.374342660109202,0.2548073558610868,15,4.435625600814819,4.113107315699259,4.52250108718872,4.580299584070842,4.2249921003977455,4.571504275004069,0,C,216,pci34051,PCI-34051,PCI-34051
1803,4.390531628131867,0.8659860777515708,15,3.3921090443929036,5.164874776204427,4.116427723566691,4.470800081888835,5.170650068918864,4.339915657043457,0,C,217,acetalax,Acetalax,Acetalax
1507,4.406286846955617,0.2183764454037238,15,4.2236083984375,4.571790568033854,4.542755921681722,4.391779406865438,4.305614980061849,4.328798166910807,0,C,218,ruxolitinib,Ruxolitinib,Ruxolitinib
2148,4.4100855466297695,0.464389315144344,14,3.7121492453983853,4.541152885981968,4.808595963886806,4.7683345930916925,4.297228217124939,4.9730187484196255,0,C,219,pomhex,POMHEX,POMHEX
1931,4.430121466000874,0.4468478080430269,15,3.7541918754577637,4.539212894439697,4.475541750590007,4.9665242830912275,4.886872307459513,4.4087476094563804,0,C,220,mira1,MIRA-1,MIRA-1
1131,4.4627644254366565,0.46429145602074295,15,3.8806697527567544,4.750167544682821,4.937253316243489,3.979498195648193,4.889495134353638,4.700964864095052,0,C,221,prima1met,PRIMA-1MET,PRIMA-1MET
1268,4.464270857493083,0.425618269043884,15,4.213944546381632,4.674390490849813,4.338426144917806,5.072526804606119,4.281184355417888,3.833891836802165,0,C,222,xav939,XAV939,XAV939
2057,4.468900874682835,0.26015409713736587,7,4.32552569253104,4.343608311244419,4.821163586207798,4.5665764808654785,4.497721706117902,4.288441453661237,0,C,223,remodelin,Remodelin,Remodelin
1622,4.513095392386119,0.4223696696393702,15,4.442648140589396,4.82158727645874,4.162431907653809,4.1812620480855305,5.144942919413249,4.080677604675293,0,C,224,wntc59,Wnt-C59,Wnt-C59
1073,4.529059062957763,0.46647684281008195,15,4.016294972101847,4.9299185117085775,4.210654592514038,4.887437375386556,4.9169824600219725,4.2256818294525145,0,C,225,5fluorouracil,5-Fluorouracil,5-Fluorouracil
2173,4.545287351131439,0.510987571791733,15,4.061092249552408,4.2930181662241615,5.147956021626791,4.664939085642497,5.269272009531657,4.159228658676147,0,C,226,pfi1,PFI-1,PFI-1
2157,4.562434657641819,0.5449066122884622,14,5.193261895860944,3.645377516746521,4.6891414778573175,4.750023654529026,4.432015129498073,5.1879231589181085,0,C,227,a366,A-366,A-366
1933,4.583480449199677,0.8850387770227577,15,4.6279219627380375,3.422978576024373,5.984832604726155,5.249439652760824,3.8199246406555174,5.1254477818806965,0,C,228,p22077,P22077,P22077
2170,4.628353392918905,0.538262223290337,15,5.217224884033203,4.005496788024902,4.7553049723307295,4.823744010925293,3.9615663369496663,5.25535945892334,0,C,229,at13148,AT13148,AT13148
2359,4.690133300508771,0.4655073971044629,14,4.3604989903313776,4.5001362562179565,5.098305804388864,5.348314149039132,4.16269838809967,5.108192886625018,0,C,230,gsk2830371,GSK2830371,GSK2830371
1854,4.779225849469502,0.33689075805605145,15,4.900647672017415,4.737104733784993,4.397753938039144,4.865105374654134,4.762936862309774,5.347522481282552,0,C,231,mn64,MN-64,MN-64
1806,4.796473805427552,0.5658642042226485,15,3.784945265452067,5.25905818939209,5.119867006937663,5.039394124348958,5.236549584070842,4.680008029937744,0,C,232,oxaliplatin,Oxaliplatin,Oxaliplatin
2439,4.80175355553627,0.4280333191916793,14,5.170524529048374,4.1945975337709696,5.018532787050519,4.881253923688616,4.569457854543414,5.446657248905727,0,C,233,glutathione,glutathione,glutathione
1814,4.854032766977946,0.4147008653464942,15,5.15920041402181,4.814518324534098,5.129796918233236,4.317982959747314,4.767902135848999,4.478198432922364,0,C,234,nelarabine,Nelarabine,Nelarabine
1804,4.999288001378377,0.8955308590308029,15,4.941691335042318,5.638417100906372,4.886248207092285,3.974077653884888,5.760223484039306,3.9376705169677733,0,C,235,acetalax,Acetalax,Acetalax
1089,5.116838123162588,0.8407219342406563,15,3.8401562213897704,6.1599835077921545,4.7241610844930015,5.033946100870768,6.233438078562418,5.17652203241984,0,C,236,oxaliplatin,Oxaliplatin,Oxaliplatin
1815,5.142460703055064,0.8366915452129873,15,5.566894054412842,4.193115154902141,6.045399951934814,5.869976647694906,3.889296817779541,5.458804893493652,0,C,237,dacarbazine,Dacarbazine,Dacarbazine
2156,5.343588611909321,0.3864939279939944,14,5.818069696426392,5.027987395014081,5.6298531123570035,4.922484602246966,5.0578791073390414,5.494685445513044,0,C,238,5azacytidine,5-azacytidine,5-azacytidine
2438,5.456301572322845,0.7336736552370383,14,6.0697367531912665,4.76149582862854,5.617637940815517,5.6374732085636685,4.564379521778652,6.669140883854458,0,C,239,ascorbatevitaminc,ascorbate (vitamin C),ascorbate (vitamin C)
1847,5.636472216447195,0.5954307891469203,15,6.234499613444011,4.854683446884155,5.755075772603353,5.6732688268025715,5.319519392649332,6.608015314737956,0,C,240,ben,BEN,BEN
2360,6.039484416076115,0.5275942153664268,14,5.911942107336862,5.273340395518711,6.764826161520822,6.473102467400687,6.449592317853655,5.8037815775190085,0,C,241,thr101,THR-101,THR-101
2499,7.100296936035156,0.8721892638928742,14,8.56487968989781,6.6046737262180875,5.9568272318158835,6.65919862474714,7.5142936365945,6.577548708234515,0,C,242,nacetylcysteine,N-acetyl cysteine,N-acetyl cysteine
2498,7.6955191785948625,0.8562493125833012,14,7.171003443854196,6.627263920647757,8.572220768247332,8.737257071903773,8.658889157431465,7.316992453166416,0,C,243,alphalipoicacid,alpha-lipoic acid,alpha-lipoic acid
